# maspsx behaviour	dependent row
_fold_lo_into_accesses	slus/w_8003E188
_fold_lo_into_accesses	slus/w_8004A700
_fold_lo_into_accesses	slus/w_8004A7D8
_fold_selfinc_la	dungeon/func_80093898
_fold_selfinc_la	dungeon/func_800938EC
_fold_selfinc_la	dungeon/func_81811E30
_fold_selfinc_la	dungeon/func_81811E70
_fold_selfinc_la	dungeon/func_81811EC0
_fold_selfinc_la	dungeon/func_81811F54
_fold_selfinc_la	dungeon/func_819B3414
_fold_selfinc_la	slus/konami_runtime_w_8003B7C8
_fold_selfinc_la	slus/w_8004A6C0
_fold_selfinc_la	town/func_800A1480
_fold_selfinc_la	town/func_800A2244
_fold_selfinc_la	town/func_800C3800
_hoist_zero_arg_before_global_clears	slus/w_8005D7BC
_maybe_unfill_return_delay	dungeon/func_7FFE7BE8
_maybe_unfill_return_delay	dungeon/func_7FFEF6A8
_maybe_unfill_return_delay	dungeon/func_80084084
_maybe_unfill_return_delay	dungeon/func_800881EC
_maybe_unfill_return_delay	dungeon/func_8008A31C
_maybe_unfill_return_delay	dungeon/func_8008AAA0
_maybe_unfill_return_delay	dungeon/func_8008B4B0
_maybe_unfill_return_delay	dungeon/func_8008D990
_maybe_unfill_return_delay	dungeon/func_8008EE88
_maybe_unfill_return_delay	dungeon/func_8008F814
_maybe_unfill_return_delay	dungeon/func_8009069C
_maybe_unfill_return_delay	dungeon/func_80092518
_maybe_unfill_return_delay	dungeon/func_80092B48
_maybe_unfill_return_delay	dungeon/func_80094C70
_maybe_unfill_return_delay	dungeon/func_80094DE0
_maybe_unfill_return_delay	dungeon/func_80095160
_maybe_unfill_return_delay	dungeon/func_8009612C
_maybe_unfill_return_delay	dungeon/func_800969CC
_maybe_unfill_return_delay	dungeon/func_8009AE44
_maybe_unfill_return_delay	dungeon/func_8009E0EC
_maybe_unfill_return_delay	dungeon/func_8009F018
_maybe_unfill_return_delay	dungeon/func_8009F190
_maybe_unfill_return_delay	dungeon/func_800A172C
_maybe_unfill_return_delay	dungeon/func_800A21EC
_maybe_unfill_return_delay	dungeon/func_800A4C0C
_maybe_unfill_return_delay	dungeon/func_800A4DDC
_maybe_unfill_return_delay	dungeon/func_800A5DD8
_maybe_unfill_return_delay	dungeon/func_800AC008
_maybe_unfill_return_delay	dungeon/func_800AC3B0
_maybe_unfill_return_delay	dungeon/func_800AC914
_maybe_unfill_return_delay	dungeon/func_800ADD2C
_maybe_unfill_return_delay	dungeon/func_800B5B84
_maybe_unfill_return_delay	dungeon/func_800B6D74
_maybe_unfill_return_delay	dungeon/func_800B968C
_maybe_unfill_return_delay	dungeon/func_800BB144
_maybe_unfill_return_delay	dungeon/func_800BB400
_maybe_unfill_return_delay	dungeon/func_800BB728
_maybe_unfill_return_delay	dungeon/func_800BFE94
_maybe_unfill_return_delay	dungeon/func_800C379C
_maybe_unfill_return_delay	dungeon/func_800C81B0
_maybe_unfill_return_delay	dungeon/func_800C9858
_maybe_unfill_return_delay	dungeon/func_800CB068
_maybe_unfill_return_delay	dungeon/func_800CFE34
_maybe_unfill_return_delay	dungeon/func_800D1A48
_maybe_unfill_return_delay	dungeon/func_800D2E30
_maybe_unfill_return_delay	dungeon/func_800D3B60
_maybe_unfill_return_delay	dungeon/func_800D53F0
_maybe_unfill_return_delay	dungeon/func_800D6EF0
_maybe_unfill_return_delay	dungeon/func_800D6FC4
_maybe_unfill_return_delay	dungeon/func_80284BEC
_maybe_unfill_return_delay	dungeon/func_80285A70
_maybe_unfill_return_delay	dungeon/func_8028A328
_maybe_unfill_return_delay	dungeon/func_8028A5D8
_maybe_unfill_return_delay	dungeon/func_8028B824
_maybe_unfill_return_delay	dungeon/func_8028BF0C
_maybe_unfill_return_delay	dungeon/func_809755A8
_maybe_unfill_return_delay	dungeon/func_80975CD4
_maybe_unfill_return_delay	dungeon/func_80976218
_maybe_unfill_return_delay	dungeon/func_80976434
_maybe_unfill_return_delay	dungeon/func_80976B7C
_maybe_unfill_return_delay	dungeon/func_80976D48
_maybe_unfill_return_delay	dungeon/func_80976F6C
_maybe_unfill_return_delay	dungeon/func_80977064
_maybe_unfill_return_delay	dungeon/func_80977248
_maybe_unfill_return_delay	dungeon/func_80977A94
_maybe_unfill_return_delay	dungeon/func_80977D88
_maybe_unfill_return_delay	dungeon/func_80977E0C
_maybe_unfill_return_delay	dungeon/func_809782AC
_maybe_unfill_return_delay	dungeon/func_80978600
_maybe_unfill_return_delay	dungeon/func_8099F0B4
_maybe_unfill_return_delay	dungeon/func_8099F294
_maybe_unfill_return_delay	dungeon/func_8099F8EC
_maybe_unfill_return_delay	dungeon/func_8099FE9C
_maybe_unfill_return_delay	dungeon/func_809A079C
_maybe_unfill_return_delay	dungeon/func_809A0A34
_maybe_unfill_return_delay	dungeon/func_809A0B58
_maybe_unfill_return_delay	dungeon/func_809A0C80
_maybe_unfill_return_delay	dungeon/func_809A10A8
_maybe_unfill_return_delay	dungeon/func_809A15DC
_maybe_unfill_return_delay	dungeon/func_809A1D60
_maybe_unfill_return_delay	dungeon/func_809A22D8
_maybe_unfill_return_delay	dungeon/func_809A2650
_maybe_unfill_return_delay	dungeon/func_809A2A14
_maybe_unfill_return_delay	dungeon/func_809A2D74
_maybe_unfill_return_delay	dungeon/func_809A3110
_maybe_unfill_return_delay	dungeon/func_809A35A0
_maybe_unfill_return_delay	dungeon/func_809A4014
_maybe_unfill_return_delay	dungeon/func_809A457C
_maybe_unfill_return_delay	dungeon/func_809B18EC
_maybe_unfill_return_delay	dungeon/func_809B78EC
_maybe_unfill_return_delay	dungeon/func_809C38EC
_maybe_unfill_return_delay	dungeon/func_809C9228
_maybe_unfill_return_delay	dungeon/func_809CB224
_maybe_unfill_return_delay	dungeon/func_80A1F0C4
_maybe_unfill_return_delay	dungeon/func_80A35000
_maybe_unfill_return_delay	dungeon/func_80A41000
_maybe_unfill_return_delay	dungeon/func_80A47C0C
_maybe_unfill_return_delay	dungeon/func_80A48C28
_maybe_unfill_return_delay	dungeon/func_80A48F8C
_maybe_unfill_return_delay	dungeon/func_80A49170
_maybe_unfill_return_delay	dungeon/func_80A495D0
_maybe_unfill_return_delay	dungeon/func_80A49908
_maybe_unfill_return_delay	dungeon/func_80A49C2C
_maybe_unfill_return_delay	dungeon/func_80A49CB0
_maybe_unfill_return_delay	dungeon/func_80A4A0E0
_maybe_unfill_return_delay	dungeon/func_80A4A8E4
_maybe_unfill_return_delay	dungeon/func_80A4AB34
_maybe_unfill_return_delay	dungeon/func_80A4B678
_maybe_unfill_return_delay	dungeon/func_80A4B914
_maybe_unfill_return_delay	dungeon/func_80A71654
_maybe_unfill_return_delay	dungeon/func_80A79A38
_maybe_unfill_return_delay	dungeon/func_80A7FA38
_maybe_unfill_return_delay	dungeon/func_80A85A38
_maybe_unfill_return_delay	dungeon/func_80A8BA38
_maybe_unfill_return_delay	dungeon/func_80A91A38
_maybe_unfill_return_delay	dungeon/func_80A97A38
_maybe_unfill_return_delay	dungeon/func_80A9B67C
_maybe_unfill_return_delay	dungeon/func_80A9D030
_maybe_unfill_return_delay	dungeon/func_80A9D4E8
_maybe_unfill_return_delay	dungeon/func_80A9DA34
_maybe_unfill_return_delay	dungeon/func_80A9EB18
_maybe_unfill_return_delay	dungeon/func_80A9EBBC
_maybe_unfill_return_delay	dungeon/func_80AA9A34
_maybe_unfill_return_delay	dungeon/func_80ABBA34
_maybe_unfill_return_delay	dungeon/func_80ABF07C
_maybe_unfill_return_delay	dungeon/func_80AC1A34
_maybe_unfill_return_delay	dungeon/func_80AC5F28
_maybe_unfill_return_delay	dungeon/func_80AC854C
_maybe_unfill_return_delay	dungeon/func_80AC88DC
_maybe_unfill_return_delay	dungeon/func_80AEFFF4
_maybe_unfill_return_delay	dungeon/func_80B1AA58
_maybe_unfill_return_delay	dungeon/func_80B1AE20
_maybe_unfill_return_delay	dungeon/func_80B1B010
_maybe_unfill_return_delay	dungeon/func_80B43670
_maybe_unfill_return_delay	dungeon/func_80B452F8
_maybe_unfill_return_delay	dungeon/func_80B6D65C
_maybe_unfill_return_delay	dungeon/func_80B6EA90
_maybe_unfill_return_delay	dungeon/func_80B6EDD0
_maybe_unfill_return_delay	dungeon/func_80B6F204
_maybe_unfill_return_delay	dungeon/func_80B6F6F4
_maybe_unfill_return_delay	dungeon/func_80B6FA34
_maybe_unfill_return_delay	dungeon/func_80B7F054
_maybe_unfill_return_delay	dungeon/func_80B9769C
_maybe_unfill_return_delay	dungeon/func_80B97C10
_maybe_unfill_return_delay	dungeon/func_80B9913C
_maybe_unfill_return_delay	dungeon/func_80BA9094
_maybe_unfill_return_delay	dungeon/func_80BAF094
_maybe_unfill_return_delay	dungeon/func_80BBB094
_maybe_unfill_return_delay	dungeon/func_80BC19D0
_maybe_unfill_return_delay	dungeon/func_80BC1BA8
_maybe_unfill_return_delay	dungeon/func_80BC21DC
_maybe_unfill_return_delay	dungeon/func_80BC27C8
_maybe_unfill_return_delay	dungeon/func_80BC3120
_maybe_unfill_return_delay	dungeon/func_80BC32AC
_maybe_unfill_return_delay	dungeon/func_80BC35B0
_maybe_unfill_return_delay	dungeon/func_80BC4214
_maybe_unfill_return_delay	dungeon/func_80BC4440
_maybe_unfill_return_delay	dungeon/func_80BC44D4
_maybe_unfill_return_delay	dungeon/func_80BC489C
_maybe_unfill_return_delay	dungeon/func_80BC7BA8
_maybe_unfill_return_delay	dungeon/func_80BCDBA8
_maybe_unfill_return_delay	dungeon/func_80BD3BA8
_maybe_unfill_return_delay	dungeon/func_80BD9BA8
_maybe_unfill_return_delay	dungeon/func_80BDFBA8
_maybe_unfill_return_delay	dungeon/func_80BE5BA8
_maybe_unfill_return_delay	dungeon/func_80BEB258
_maybe_unfill_return_delay	dungeon/func_80BEB814
_maybe_unfill_return_delay	dungeon/func_80BEC6CC
_maybe_unfill_return_delay	dungeon/func_80BEC890
_maybe_unfill_return_delay	dungeon/func_80BECBF0
_maybe_unfill_return_delay	dungeon/func_80BEE104
_maybe_unfill_return_delay	dungeon/func_80BEE394
_maybe_unfill_return_delay	dungeon/func_80BFD000
_maybe_unfill_return_delay	dungeon/func_80C412B4
_maybe_unfill_return_delay	dungeon/func_80C6B224
_maybe_unfill_return_delay	dungeon/func_80C6B604
_maybe_unfill_return_delay	dungeon/func_80C6B878
_maybe_unfill_return_delay	dungeon/func_80CBD2E0
_maybe_unfill_return_delay	dungeon/func_80CBE9B0
_maybe_unfill_return_delay	dungeon/func_80CBED38
_maybe_unfill_return_delay	dungeon/func_80CBEDB8
_maybe_unfill_return_delay	dungeon/func_80CBEF98
_maybe_unfill_return_delay	dungeon/func_80CBF410
_maybe_unfill_return_delay	dungeon/func_80CBF800
_maybe_unfill_return_delay	dungeon/func_80CBFBF0
_maybe_unfill_return_delay	dungeon/func_80CBFF20
_maybe_unfill_return_delay	dungeon/func_80CC01AC
_maybe_unfill_return_delay	dungeon/func_80CC0398
_maybe_unfill_return_delay	dungeon/func_80CC085C
_maybe_unfill_return_delay	dungeon/func_80CC1724
_maybe_unfill_return_delay	dungeon/func_80CC25A4
_maybe_unfill_return_delay	dungeon/func_80CC2614
_maybe_unfill_return_delay	dungeon/func_80CC266C
_maybe_unfill_return_delay	dungeon/func_80CE7A1C
_maybe_unfill_return_delay	dungeon/func_80CE83EC
_maybe_unfill_return_delay	dungeon/func_80CE8564
_maybe_unfill_return_delay	dungeon/func_80CE8CBC
_maybe_unfill_return_delay	dungeon/func_80CE9758
_maybe_unfill_return_delay	dungeon/func_80CEAF2C
_maybe_unfill_return_delay	dungeon/func_80CEBD74
_maybe_unfill_return_delay	dungeon/func_80D11F60
_maybe_unfill_return_delay	dungeon/func_80D13E4C
_maybe_unfill_return_delay	dungeon/func_80D3C280
_maybe_unfill_return_delay	dungeon/func_80D3CBF8
_maybe_unfill_return_delay	dungeon/func_80D3D3B0
_maybe_unfill_return_delay	dungeon/func_80D40744
_maybe_unfill_return_delay	dungeon/func_80D65E5C
_maybe_unfill_return_delay	dungeon/func_80D65F80
_maybe_unfill_return_delay	dungeon/func_80D66164
_maybe_unfill_return_delay	dungeon/func_80D6671C
_maybe_unfill_return_delay	dungeon/func_80D66CB0
_maybe_unfill_return_delay	dungeon/func_80D6760C
_maybe_unfill_return_delay	dungeon/func_80D67680
_maybe_unfill_return_delay	dungeon/func_80D678A4
_maybe_unfill_return_delay	dungeon/func_80D67BB4
_maybe_unfill_return_delay	dungeon/func_80D67FF8
_maybe_unfill_return_delay	dungeon/func_80D68308
_maybe_unfill_return_delay	dungeon/func_80D69CF0
_maybe_unfill_return_delay	dungeon/func_80D6A3E0
_maybe_unfill_return_delay	dungeon/func_80D8F668
_maybe_unfill_return_delay	dungeon/func_80D90580
_maybe_unfill_return_delay	dungeon/func_80D90790
_maybe_unfill_return_delay	dungeon/func_80D90ABC
_maybe_unfill_return_delay	dungeon/func_80D90E98
_maybe_unfill_return_delay	dungeon/func_80D91070
_maybe_unfill_return_delay	dungeon/func_80D91524
_maybe_unfill_return_delay	dungeon/func_80D91E14
_maybe_unfill_return_delay	dungeon/func_80DA7000
_maybe_unfill_return_delay	dungeon/func_80DBC9D8
_maybe_unfill_return_delay	dungeon/func_80DE48EC
_maybe_unfill_return_delay	dungeon/func_80DE9000
_maybe_unfill_return_delay	dungeon/func_80DF5054
_maybe_unfill_return_delay	dungeon/func_80E0F7C0
_maybe_unfill_return_delay	dungeon/func_80E376E4
_maybe_unfill_return_delay	dungeon/func_80E3B4CC
_maybe_unfill_return_delay	dungeon/func_80E61EF4
_maybe_unfill_return_delay	dungeon/func_80E65598
_maybe_unfill_return_delay	dungeon/func_80E8B8F4
_maybe_unfill_return_delay	dungeon/func_80E8D490
_maybe_unfill_return_delay	dungeon/func_80E91000
_maybe_unfill_return_delay	dungeon/func_80E9D000
_maybe_unfill_return_delay	dungeon/func_80EA3000
_maybe_unfill_return_delay	dungeon/func_80EAF000
_maybe_unfill_return_delay	dungeon/func_80EB506C
_maybe_unfill_return_delay	dungeon/func_80EB5364
_maybe_unfill_return_delay	dungeon/func_80EB59A4
_maybe_unfill_return_delay	dungeon/func_80EB6CF4
_maybe_unfill_return_delay	dungeon/func_80EB6FC8
_maybe_unfill_return_delay	dungeon/func_80EB751C
_maybe_unfill_return_delay	dungeon/func_80EB79FC
_maybe_unfill_return_delay	dungeon/func_80EB7D2C
_maybe_unfill_return_delay	dungeon/func_80EB886C
_maybe_unfill_return_delay	dungeon/func_80EBB06C
_maybe_unfill_return_delay	dungeon/func_80EC706C
_maybe_unfill_return_delay	dungeon/func_80ECD06C
_maybe_unfill_return_delay	dungeon/func_80ED906C
_maybe_unfill_return_delay	dungeon/func_80EE1FB0
_maybe_unfill_return_delay	dungeon/func_80F09054
_maybe_unfill_return_delay	dungeon/func_80F0928C
_maybe_unfill_return_delay	dungeon/func_80F0A9A4
_maybe_unfill_return_delay	dungeon/func_80F0B0C4
_maybe_unfill_return_delay	dungeon/func_80F0B2A8
_maybe_unfill_return_delay	dungeon/func_80F0B798
_maybe_unfill_return_delay	dungeon/func_80F0C3B8
_maybe_unfill_return_delay	dungeon/func_80F0F054
_maybe_unfill_return_delay	dungeon/func_80F45000
_maybe_unfill_return_delay	dungeon/func_80F5F040
_maybe_unfill_return_delay	dungeon/func_80F6F070
_maybe_unfill_return_delay	dungeon/func_80F75070
_maybe_unfill_return_delay	dungeon/func_80F81070
_maybe_unfill_return_delay	dungeon/func_80F90E88
_maybe_unfill_return_delay	dungeon/func_80FA5000
_maybe_unfill_return_delay	dungeon/func_80FD5000
_maybe_unfill_return_delay	dungeon/func_80FDB000
_maybe_unfill_return_delay	dungeon/func_80FDE420
_maybe_unfill_return_delay	dungeon/func_80FE1000
_maybe_unfill_return_delay	dungeon/func_80FE7000
_maybe_unfill_return_delay	dungeon/func_80FED000
_maybe_unfill_return_delay	dungeon/func_80FF3000
_maybe_unfill_return_delay	dungeon/func_80FF9000
_maybe_unfill_return_delay	dungeon/func_80FFF000
_maybe_unfill_return_delay	dungeon/func_8100508C
_maybe_unfill_return_delay	dungeon/func_81005278
_maybe_unfill_return_delay	dungeon/func_81005858
_maybe_unfill_return_delay	dungeon/func_81006AE0
_maybe_unfill_return_delay	dungeon/func_81006E50
_maybe_unfill_return_delay	dungeon/func_81007034
_maybe_unfill_return_delay	dungeon/func_810074E0
_maybe_unfill_return_delay	dungeon/func_810078B4
_maybe_unfill_return_delay	dungeon/func_81007CE0
_maybe_unfill_return_delay	dungeon/func_81008208
_maybe_unfill_return_delay	dungeon/func_8101D000
_maybe_unfill_return_delay	dungeon/func_81031F30
_maybe_unfill_return_delay	dungeon/func_810330FC
_maybe_unfill_return_delay	dungeon/func_810592A4
_maybe_unfill_return_delay	dungeon/func_8106B000
_maybe_unfill_return_delay	dungeon/func_81071000
_maybe_unfill_return_delay	dungeon/func_810830BC
_maybe_unfill_return_delay	dungeon/func_810860B4
_maybe_unfill_return_delay	dungeon/func_810ADDF4
_maybe_unfill_return_delay	dungeon/func_810AEADC
_maybe_unfill_return_delay	dungeon/func_810AEB74
_maybe_unfill_return_delay	dungeon/func_810AEEC4
_maybe_unfill_return_delay	dungeon/func_810AF0B4
_maybe_unfill_return_delay	dungeon/func_810AF65C
_maybe_unfill_return_delay	dungeon/func_81252D6C
_maybe_unfill_return_delay	dungeon/func_81254460
_maybe_unfill_return_delay	dungeon/func_8127C3E0
_maybe_unfill_return_delay	dungeon/func_812A67A4
_maybe_unfill_return_delay	dungeon/func_812A7C08
_maybe_unfill_return_delay	dungeon/func_812A8130
_maybe_unfill_return_delay	dungeon/func_812A8E10
_maybe_unfill_return_delay	dungeon/func_812AC7A4
_maybe_unfill_return_delay	dungeon/func_812B27A4
_maybe_unfill_return_delay	dungeon/func_812B87A4
_maybe_unfill_return_delay	dungeon/func_812BE7A4
_maybe_unfill_return_delay	dungeon/func_812C47A4
_maybe_unfill_return_delay	dungeon/func_812CA7A4
_maybe_unfill_return_delay	dungeon/func_813231FC
_maybe_unfill_return_delay	dungeon/func_813236DC
_maybe_unfill_return_delay	dungeon/func_81323F78
_maybe_unfill_return_delay	dungeon/func_813274E4
_maybe_unfill_return_delay	dungeon/func_813284E4
_maybe_unfill_return_delay	dungeon/func_8133336C
_maybe_unfill_return_delay	dungeon/func_81334230
_maybe_unfill_return_delay	dungeon/func_81335190
_maybe_unfill_return_delay	dungeon/func_81337998
_maybe_unfill_return_delay	dungeon/func_81339534
_maybe_unfill_return_delay	dungeon/func_8133C2A4
_maybe_unfill_return_delay	dungeon/func_8180D680
_maybe_unfill_return_delay	dungeon/func_8180DA84
_maybe_unfill_return_delay	dungeon/func_8180DC88
_maybe_unfill_return_delay	dungeon/func_8180F208
_maybe_unfill_return_delay	dungeon/func_81850800
_maybe_unfill_return_delay	dungeon/func_81875B38
_maybe_unfill_return_delay	dungeon/func_81876014
_maybe_unfill_return_delay	dungeon/func_8187A9A8
_maybe_unfill_return_delay	dungeon/func_81881F60
_maybe_unfill_return_delay	dungeon/func_8189E820
_maybe_unfill_return_delay	dungeon/func_818AA83C
_maybe_unfill_return_delay	dungeon/func_818AABB8
_maybe_unfill_return_delay	dungeon/func_818AAE60
_maybe_unfill_return_delay	dungeon/func_818D4B94
_maybe_unfill_return_delay	dungeon/func_818E6800
_maybe_unfill_return_delay	dungeon/func_818FF5B8
_maybe_unfill_return_delay	dungeon/func_819059A0
_maybe_unfill_return_delay	dungeon/func_81910A9C
_maybe_unfill_return_delay	dungeon/func_81911BF4
_maybe_unfill_return_delay	dungeon/func_81934928
_maybe_unfill_return_delay	dungeon/func_81946800
_maybe_unfill_return_delay	dungeon/func_8194C81C
_maybe_unfill_return_delay	dungeon/func_8194C8F0
_maybe_unfill_return_delay	dungeon/func_8194CC94
_maybe_unfill_return_delay	dungeon/func_8194CD5C
_maybe_unfill_return_delay	dungeon/func_8194D118
_maybe_unfill_return_delay	dungeon/func_8194D1E4
_maybe_unfill_return_delay	dungeon/func_819602D8
_maybe_unfill_return_delay	dungeon/func_8196B2F8
_maybe_unfill_return_delay	dungeon/func_81976850
_maybe_unfill_return_delay	dungeon/func_8197C800
_maybe_unfill_return_delay	dungeon/func_81983138
_maybe_unfill_return_delay	dungeon/func_81984754
_maybe_unfill_return_delay	dungeon/func_81988800
_maybe_unfill_return_delay	dungeon/func_819AD81C
_maybe_unfill_return_delay	dungeon/func_819ADDB8
_maybe_unfill_return_delay	dungeon/func_819AE378
_maybe_unfill_return_delay	dungeon/func_819BF9F4
_maybe_unfill_return_delay	main/func_8000E68C
_maybe_unfill_return_delay	main/func_8000F524
_maybe_unfill_return_delay	main/func_8000FCD8
_maybe_unfill_return_delay	main/func_80011818
_maybe_unfill_return_delay	main/func_8001270C
_maybe_unfill_return_delay	main/func_80012848
_maybe_unfill_return_delay	main/func_80013128
_maybe_unfill_return_delay	main/func_800139B4
_maybe_unfill_return_delay	main/func_8001EB98
_maybe_unfill_return_delay	ovmovie/func_800400AC
_maybe_unfill_return_delay	ovmovie/func_80040360
_maybe_unfill_return_delay	slus/konami_runtime_w_80035DBC
_maybe_unfill_return_delay	slus/konami_runtime_w_80037D9C
_maybe_unfill_return_delay	slus/konami_runtime_w_8003BAF8
_maybe_unfill_return_delay	slus/w_8003E2D8
_maybe_unfill_return_delay	slus/w_8003F80C
_maybe_unfill_return_delay	slus/w_80041094
_maybe_unfill_return_delay	slus/w_800411AC
_maybe_unfill_return_delay	slus/w_800411FC
_maybe_unfill_return_delay	slus/w_80041344
_maybe_unfill_return_delay	slus/w_80041818
_maybe_unfill_return_delay	slus/w_80041CBC
_maybe_unfill_return_delay	slus/w_80043EB8
_maybe_unfill_return_delay	slus/w_80044AAC
_maybe_unfill_return_delay	slus/w_80044B48
_maybe_unfill_return_delay	slus/w_80047C00
_maybe_unfill_return_delay	slus/w_80048500
_maybe_unfill_return_delay	slus/w_80048B28
_maybe_unfill_return_delay	slus/w_80048EE4
_maybe_unfill_return_delay	slus/w_80049004
_maybe_unfill_return_delay	slus/w_800494B4
_maybe_unfill_return_delay	slus/w_8004A330
_maybe_unfill_return_delay	slus/w_8004B42C
_maybe_unfill_return_delay	slus/w_8004B854
_maybe_unfill_return_delay	slus/w_8004D4AC
_maybe_unfill_return_delay	slus/w_8004EA70
_maybe_unfill_return_delay	slus/w_8004ED5C
_maybe_unfill_return_delay	slus/w_8004EDA8
_maybe_unfill_return_delay	slus/w_8004F418
_maybe_unfill_return_delay	slus/w_8004F5F4
_maybe_unfill_return_delay	slus/w_8004F95C
_maybe_unfill_return_delay	slus/w_8004FA2C
_maybe_unfill_return_delay	slus/w_80050308
_maybe_unfill_return_delay	slus/w_80050640
_maybe_unfill_return_delay	slus/w_80050EA8
_maybe_unfill_return_delay	slus/w_80051164
_maybe_unfill_return_delay	slus/w_80051708
_maybe_unfill_return_delay	slus/w_80051BFC
_maybe_unfill_return_delay	slus/w_80053428
_maybe_unfill_return_delay	slus/w_8005440C
_maybe_unfill_return_delay	slus/w_800544A4
_maybe_unfill_return_delay	slus/w_800549FC
_maybe_unfill_return_delay	slus/w_80054CD4
_maybe_unfill_return_delay	slus/w_80054E00
_maybe_unfill_return_delay	slus/w_800553D4
_maybe_unfill_return_delay	slus/w_800559B4
_maybe_unfill_return_delay	slus/w_80056408
_maybe_unfill_return_delay	slus/w_800564A8
_maybe_unfill_return_delay	slus/w_80056558
_maybe_unfill_return_delay	slus/w_800585A0
_maybe_unfill_return_delay	slus/w_80058850
_maybe_unfill_return_delay	slus/w_80058940
_maybe_unfill_return_delay	slus/w_80058B70
_maybe_unfill_return_delay	slus/w_80059BC4
_maybe_unfill_return_delay	slus/w_80059E94
_maybe_unfill_return_delay	slus/w_8005ACDC
_maybe_unfill_return_delay	slus/w_8005B378
_maybe_unfill_return_delay	town/func_8009A0E4
_maybe_unfill_return_delay	town/func_800A8F24
_maybe_unfill_return_delay	town/func_800AC018
_maybe_unfill_return_delay	town/func_800B0BC4
_maybe_unfill_return_delay	town/func_800B7CEC
_maybe_unfill_return_delay	town/func_800B998C
_maybe_unfill_return_delay	town/func_800BAE88
_maybe_unfill_return_delay	town/func_800BEB30
_maybe_unfill_return_delay	town/func_800C8810
_maybe_unfill_return_delay	town/func_8032E44C
_maybe_unfill_return_delay	town/func_8032E514
_maybe_unfill_return_delay	town/func_8032EF6C
_maybe_unfill_return_delay	town/func_8032F060
_maybe_unfill_return_delay	town/func_8032F234
_maybe_unfill_return_delay	town/func_803308E8
_maybe_unfill_return_delay	town/func_803334D4
_maybe_unfill_return_delay	town/func_8046C188
_maybe_unfill_return_delay	town/func_8047E1C0
_maybe_unfill_return_delay	town/func_806A9100
_maybe_unfill_return_delay	town/func_806CF118
_maybe_unfill_return_delay	town/func_806D4B9C
_maybe_unfill_return_delay	town/func_80813E14
_maybe_unfill_return_delay	town/func_8081822C
_maybe_unfill_return_delay	town/func_80819B14
_maybe_unfill_return_delay	town/func_8081F8A8
_prefer_lui_over_sll_branch_delay	slus/w_80048224
_prefer_marked_target_arg_setup	town/func_808213CC
_rewrite_tail_call_jal_to_j	town/func_808B8184
_rewrite_tail_call_jal_to_j	town/func_808B85F0
_rewrite_tail_call_jal_to_j	town/func_808BB138
_rotate_marked_store_into_jal_delay	slus/w_800463EC
_sink_call_separated_la	slus/w_8004AB7C
_split_funcaddr_la	dungeon/func_818D4E68
_split_funcaddr_la	slus/w_80041AB0
_split_funcaddr_la	slus/w_80043CD0
_unfill_jal_sp_delay	slus/w_8004CAA0
_unfill_via_load_delay	dungeon/func_800A133C
_unfill_via_load_delay	dungeon/func_800C23D8
_unfill_via_load_delay	dungeon/func_80D90514
_unfill_via_load_delay	slus/code7
_unfill_via_load_delay	slus/konami_runtime_w_80038240
_unfill_via_load_delay	slus/konami_runtime_w_8003ADB4
_unfill_via_load_delay	slus/konami_runtime_w_8003B92C
_unfill_via_load_delay	slus/w_8003E1FC
_unfill_via_load_delay	slus/w_8003E70C
_unfill_via_load_delay	slus/w_80041038
_unfill_via_load_delay	slus/w_80048190
_unfill_via_load_delay	slus/w_80048998
_unfill_via_load_delay	slus/w_8004D5D0
_unfill_via_load_delay	slus/w_8004D7A8
_unfill_via_load_delay	slus/w_8004D7E8
_unfill_via_load_delay	slus/w_800504B4
_unfill_via_load_delay	slus/w_80053F98
_unfill_via_load_delay	slus/w_800546B0
_unfill_via_load_delay	slus/w_80055B44
_unfill_via_load_delay	slus/w_800563B0
_unfill_via_load_delay	slus/w_80056D44
_unfill_via_load_delay	slus/w_80058494
_unfill_via_load_delay	slus/w_8005914C
_unfill_via_load_delay	slus/w_8005A2FC
_unfill_via_load_delay	town/func_800A7434
_unfill_via_load_delay	town/func_800B9B58
_unfill_via_load_delay	town/func_800C738C
_unfill_via_load_delay	town/func_8032E2EC
_unfill_via_load_delay	town/func_8035A5E4
_unfill_via_load_delay	town/func_8047E278
_unfill_via_load_delay	town/func_8047E8B4
_unfill_via_load_delay	town/func_804F027C
_unfill_via_load_delay	town/func_80615500
_unfill_via_load_delay	town/func_80647308
_unfill_via_load_delay	town/func_8077DC0C
_unfill_via_load_delay	town/func_8079A1EC
_unfill_via_load_delay	town/func_808B2D90
small-extern-gp	slus/code
small-extern-gp	slus/konami_runtime_w_80033D44
small-extern-gp	slus/konami_runtime_w_80035484
small-extern-gp	slus/konami_runtime_w_80035888
small-extern-gp	slus/konami_runtime_w_80038A10
small-extern-gp	slus/konami_runtime_w_8003C634
small-extern-gp	slus/konami_runtime_w_8003C6F8
small-extern-gp	slus/konami_runtime_w_8003C758
small-extern-gp	slus/konami_runtime_w_8003C920
small-extern-gp	slus/w_8003CB08
small-extern-gp	slus/w_8003CCB0
small-extern-gp	slus/w_8003D92C
small-extern-gp	slus/w_8003E34C
small-extern-gp	slus/w_8003E4FC
small-extern-gp	slus/w_8003E758
small-extern-gp	slus/w_8003F2A4
small-extern-gp	slus/w_8003F368
small-extern-gp	slus/w_8003F5AC
small-extern-gp	slus/w_8003F624
small-extern-gp	slus/w_80041134
small-extern-gp	slus/w_80041B98
small-extern-gp	slus/w_80041BE4
small-extern-gp	slus/w_80043DB8
small-extern-gp	slus/w_8004437C
small-extern-gp	slus/w_8004450C
small-extern-gp	slus/w_80044618
small-extern-gp	slus/w_80044698
small-extern-gp	slus/w_800448BC
small-extern-gp	slus/w_800453E0
small-extern-gp	slus/w_8004713C
small-extern-gp	slus/w_80047338
small-extern-gp	slus/w_80047468
small-extern-gp	slus/w_80047D44
small-extern-gp	slus/w_80047DF0
small-extern-gp	slus/w_80047E30
small-extern-gp	slus/w_80047E78
small-extern-gp	slus/w_80048660
small-extern-gp	slus/w_80049F68
small-extern-gp	slus/w_8004B08C
small-extern-gp	slus/w_8004DCA8
small-extern-gp	slus/w_8004DCEC
small-extern-gp	slus/w_8004DD2C
small-extern-gp	slus/w_8004DDE4
small-extern-gp	slus/w_8004DE88
small-extern-gp	slus/w_8004DF8C
small-extern-gp	slus/w_8004E130
small-extern-gp	slus/w_800508F0
small-extern-gp	slus/w_80050DA8
small-extern-gp	slus/w_80050E20
small-extern-gp	slus/w_80053CFC
