row	cell	cfg	step1_cause
dungeon/func_7FFE7BE8	2.8.1	2.8.1	_maybe_unfill_return_delay
dungeon/func_7FFEF6A8	2.8.1	2.8.1-G0	_maybe_unfill_return_delay
dungeon/func_80084084	2.8.1	2.8.1-G0 -fno-cse-follow-jumps	_maybe_unfill_return_delay
dungeon/func_800881EC	2.8.1	2.8.1-G0 -fno-schedule-insns	_maybe_unfill_return_delay
dungeon/func_8008AAA0	2.8.1	2.8.1-G0 -fno-schedule-insns	_maybe_unfill_return_delay
dungeon/func_8008D990	2.8.0	2.8.0-G0 -fno-cse-follow-jumps	_maybe_unfill_return_delay
dungeon/func_8009069C	2.8.1	2.8.1-G0 -fforce-addr	_maybe_unfill_return_delay
dungeon/func_80092518	2.8.1	2.8.1-G0 -fno-cse-follow-jumps	_maybe_unfill_return_delay
dungeon/func_80095160	2.8.1	2.8.1-G0 -fno-cse-skip-blocks	_maybe_unfill_return_delay
dungeon/func_8009612C	2.8.1	2.8.1-G0 -fno-rerun-cse-after-loop	_maybe_unfill_return_delay
dungeon/func_8009E0EC	2.8.1	2.8.1-G0	_maybe_unfill_return_delay
dungeon/func_8009F018	2.8.1	2.8.1-G0 -fno-expensive-optimizations	_maybe_unfill_return_delay
dungeon/func_800A133C	2.8.1	2.8.1 -fno-strength-reduce	_unfill_via_load_delay
dungeon/func_800AC914	2.8.1	2.8.1-G0	_maybe_unfill_return_delay
dungeon/func_800ADD2C	2.8.1	2.8.1-G0 -fno-cse-follow-jumps	_maybe_unfill_return_delay
dungeon/func_800B6D74	2.8.1	2.8.1-G0 -fno-strength-reduce	_maybe_unfill_return_delay
dungeon/func_800BB728	2.8.1	2.8.1-G0 -fno-cse-follow-jumps	_maybe_unfill_return_delay
dungeon/func_800C81B0	2.8.1	2.8.1-G0 -fno-schedule-insns	_maybe_unfill_return_delay
dungeon/func_800CB068	2.8.1	2.8.1-G0 -fno-strength-reduce	_maybe_unfill_return_delay
dungeon/func_800CFE34	2.8.1	2.8.1-G0 -fno-cse-skip-blocks	_maybe_unfill_return_delay
dungeon/func_800D2E30	2.8.1	2.8.1-G0 -fno-cse-skip-blocks	_maybe_unfill_return_delay
dungeon/func_800D3B60	2.8.1	2.8.1-G0 -fno-cse-skip-blocks	_maybe_unfill_return_delay
dungeon/func_800D53F0	2.8.1	2.8.1-G0 -fno-strength-reduce -fno-expensive-optimizations	_maybe_unfill_return_delay
dungeon/func_800D6EF0	2.8.1	2.8.1-G0 -fno-expensive-optimizations	_maybe_unfill_return_delay
dungeon/func_800D6FC4	2.8.1	2.8.1-G0 -fno-schedule-insns	_maybe_unfill_return_delay
dungeon/func_8028BF0C	2.8.0	2.8.0-G0	_maybe_unfill_return_delay
dungeon/func_809753B0	2.8.0	2.8.0-G0	genuine-exact (control)
dungeon/func_809755A8	2.8.0	2.8.0-G0	_maybe_unfill_return_delay
dungeon/func_80975CD4	2.8.0	2.8.0-G0	_maybe_unfill_return_delay
dungeon/func_80976218	2.8.0	2.8.0-G0	_maybe_unfill_return_delay
dungeon/func_80976434	2.8.0	2.8.0-G0	_maybe_unfill_return_delay
dungeon/func_80976B7C	2.8.0	2.8.0-G0	_maybe_unfill_return_delay
dungeon/func_80976D48	2.8.0	2.8.0-G0	_maybe_unfill_return_delay
dungeon/func_80976F6C	2.8.0	2.8.0-G0	_maybe_unfill_return_delay
dungeon/func_80977064	2.8.0	2.8.0-G0	_maybe_unfill_return_delay
dungeon/func_80977A94	2.8.0	2.8.0-G0	_maybe_unfill_return_delay
dungeon/func_80977D88	2.8.0	2.8.0-G0	_maybe_unfill_return_delay
dungeon/func_80977E0C	2.8.0	2.8.0-G0	_maybe_unfill_return_delay
dungeon/func_809782AC	2.8.0	2.8.0-G0	_maybe_unfill_return_delay
dungeon/func_80978600	2.8.0	2.8.0-G0	_maybe_unfill_return_delay
dungeon/func_8099F0B4	2.8.0	2.8.0-G0	_maybe_unfill_return_delay
dungeon/func_8099F294	2.8.1	2.8.1-G0 -fno-cse-follow-jumps	_maybe_unfill_return_delay
dungeon/func_8099F8EC	2.8.0	2.8.0-G0	_maybe_unfill_return_delay
dungeon/func_8099FE9C	2.8.0	2.8.0-G0	_maybe_unfill_return_delay
dungeon/func_809A079C	2.8.0	2.8.0-G0	_maybe_unfill_return_delay
dungeon/func_809A0A34	2.8.0	2.8.0-G0	_maybe_unfill_return_delay
dungeon/func_809A0B58	2.8.0	2.8.0-G0	_maybe_unfill_return_delay
dungeon/func_809A0C80	2.8.0	2.8.0-G0	_maybe_unfill_return_delay
dungeon/func_809A10A8	2.8.0	2.8.0-G0	_maybe_unfill_return_delay
dungeon/func_809A15DC	2.8.0	2.8.0-G0	_maybe_unfill_return_delay
dungeon/func_809A22D8	2.8.0	2.8.0-G0	_maybe_unfill_return_delay
dungeon/func_809A2650	2.8.0	2.8.0-G0	_maybe_unfill_return_delay
dungeon/func_809A2A14	2.8.0	2.8.0-G0	_maybe_unfill_return_delay
dungeon/func_809A2D74	2.8.0	2.8.0-G0	_maybe_unfill_return_delay
dungeon/func_809A3110	2.8.0	2.8.0-G0	_maybe_unfill_return_delay
dungeon/func_809A35A0	2.8.0	2.8.0-G0	_maybe_unfill_return_delay
dungeon/func_809A4014	2.8.0	2.8.0-G0	_maybe_unfill_return_delay
dungeon/func_809A457C	2.8.0	2.8.0-G0	_maybe_unfill_return_delay
dungeon/func_809B18EC	2.8.1	2.8.1-G0	_maybe_unfill_return_delay
dungeon/func_809B78EC	2.8.1	2.8.1-G0	_maybe_unfill_return_delay
dungeon/func_809C38EC	2.8.1	2.8.1-G0	_maybe_unfill_return_delay
dungeon/func_809C9228	2.8.1	2.8.1-G0 -fno-cse-follow-jumps	_maybe_unfill_return_delay
dungeon/func_809CB224	2.8.0	2.8.0-G0	_maybe_unfill_return_delay
dungeon/func_80A35000	2.8.1	2.8.1-G0	_maybe_unfill_return_delay
dungeon/func_80A41000	2.8.1	2.8.1-G0	_maybe_unfill_return_delay
dungeon/func_80A47C0C	2.8.0	2.8.0-G0	_maybe_unfill_return_delay
dungeon/func_80A48C28	2.8.0	2.8.0-G0	_maybe_unfill_return_delay
dungeon/func_80A48F8C	2.8.0	2.8.0-G0	_maybe_unfill_return_delay
dungeon/func_80A495D0	2.8.0	2.8.0-G0	_maybe_unfill_return_delay
dungeon/func_80A49C2C	2.8.0	2.8.0-G0	_maybe_unfill_return_delay
dungeon/func_80A49CB0	2.8.0	2.8.0-G0	_maybe_unfill_return_delay
dungeon/func_80A4A0E0	2.8.0	2.8.0-G0	_maybe_unfill_return_delay
dungeon/func_80A4A8E4	2.8.0	2.8.0-G0	_maybe_unfill_return_delay
dungeon/func_80A4AB34	2.8.0	2.8.0-G0	_maybe_unfill_return_delay
dungeon/func_80A4B678	2.8.1	2.8.1-G0 -fno-schedule-insns	_maybe_unfill_return_delay
dungeon/func_80A4B914	2.8.0	2.8.0-G0	_maybe_unfill_return_delay
dungeon/func_80A79A38	2.8.1	2.8.1-G0	_maybe_unfill_return_delay
dungeon/func_80A7FA38	2.8.1	2.8.1-G0	_maybe_unfill_return_delay
dungeon/func_80A85A38	2.8.1	2.8.1-G0	_maybe_unfill_return_delay
dungeon/func_80A8BA38	2.8.1	2.8.1-G0	_maybe_unfill_return_delay
dungeon/func_80A91A38	2.8.1	2.8.1-G0	_maybe_unfill_return_delay
dungeon/func_80A97A38	2.8.1	2.8.1-G0	_maybe_unfill_return_delay
dungeon/func_80A9D030	2.8.0	2.8.0-G0	_maybe_unfill_return_delay
dungeon/func_80A9D4E8	2.8.0	2.8.0-G0	_maybe_unfill_return_delay
dungeon/func_80A9DA34	2.8.0	2.8.0-G0	_maybe_unfill_return_delay
dungeon/func_80A9EB18	2.8.0	2.8.0-G0	_maybe_unfill_return_delay
dungeon/func_80A9EBBC	2.8.0	2.8.0-G0	_maybe_unfill_return_delay
dungeon/func_80AA9A34	2.8.1	2.8.1-G0	_maybe_unfill_return_delay
dungeon/func_80ABBA34	2.8.1	2.8.1-G0	_maybe_unfill_return_delay
dungeon/func_80ABF07C	2.8.1	2.8.1-G0	_maybe_unfill_return_delay
dungeon/func_80AC1A34	2.8.1	2.8.1-G0	_maybe_unfill_return_delay
dungeon/func_80AC854C	2.8.1	2.8.1-G0 -fno-cse-follow-jumps	_maybe_unfill_return_delay
dungeon/func_80AC88DC	2.8.1	2.8.1-G0 -fno-cse-follow-jumps	_maybe_unfill_return_delay
dungeon/func_80B1AA58	2.8.0	2.8.0-G0	_maybe_unfill_return_delay
dungeon/func_80B1AE20	2.8.0	2.8.0-G0	_maybe_unfill_return_delay
dungeon/func_80B1B010	2.8.0	2.8.0-G0	_maybe_unfill_return_delay
dungeon/func_80B43670	2.8.1	2.8.1-G0 -fno-cse-follow-jumps	_maybe_unfill_return_delay
dungeon/func_80B452F8	2.8.0	2.8.0-G0	_maybe_unfill_return_delay
dungeon/func_80B6D65C	2.8.0	2.8.0-G0	_maybe_unfill_return_delay
dungeon/func_80B6EA90	2.8.0	2.8.0-G0	_maybe_unfill_return_delay
dungeon/func_80B6EDD0	2.8.0	2.8.0-G0	_maybe_unfill_return_delay
dungeon/func_80B6F204	2.8.0	2.8.0-G0	_maybe_unfill_return_delay
dungeon/func_80B6F6F4	2.8.0	2.8.0-G0	_maybe_unfill_return_delay
dungeon/func_80B6FA34	2.8.0	2.8.0-G0	_maybe_unfill_return_delay
dungeon/func_80B7F054	2.8.1	2.8.1-G0	_maybe_unfill_return_delay
dungeon/func_80B97C10	2.8.1	2.8.1-G0 -fno-cse-skip-blocks	_maybe_unfill_return_delay
dungeon/func_80BBB094	2.8.1	2.8.1-G0	_maybe_unfill_return_delay
dungeon/func_80BC19D0	2.8.0	2.8.0-G0	_maybe_unfill_return_delay
dungeon/func_80BC1BA8	2.8.0	2.8.0-G0	_maybe_unfill_return_delay
dungeon/func_80BC27C8	2.8.0	2.8.0-G0	_maybe_unfill_return_delay
dungeon/func_80BC3120	2.8.0	2.8.0-G0	_maybe_unfill_return_delay
dungeon/func_80BC32AC	2.8.0	2.8.0-G0	_maybe_unfill_return_delay
dungeon/func_80BC35B0	2.8.0	2.8.0-G0	_maybe_unfill_return_delay
dungeon/func_80BC4214	2.8.0	2.8.0-G0	_maybe_unfill_return_delay
dungeon/func_80BC4440	2.8.0	2.8.0-G0	_maybe_unfill_return_delay
dungeon/func_80BC44D4	2.8.1	2.8.1-G0 -fno-cse-follow-jumps	_maybe_unfill_return_delay
dungeon/func_80BC489C	2.8.0	2.8.0-G0	_maybe_unfill_return_delay
dungeon/func_80BC7BA8	2.8.1	2.8.1-G0	_maybe_unfill_return_delay
dungeon/func_80BCDBA8	2.8.1	2.8.1-G0	_maybe_unfill_return_delay
dungeon/func_80BD3BA8	2.8.1	2.8.1-G0	_maybe_unfill_return_delay
dungeon/func_80BD9BA8	2.8.1	2.8.1-G0	_maybe_unfill_return_delay
dungeon/func_80BDFBA8	2.8.1	2.8.1-G0	_maybe_unfill_return_delay
dungeon/func_80BE5BA8	2.8.1	2.8.1-G0	_maybe_unfill_return_delay
dungeon/func_80BEB258	2.8.0	2.8.0-G0	_maybe_unfill_return_delay
dungeon/func_80BEC6CC	2.8.0	2.8.0-G0	_maybe_unfill_return_delay
dungeon/func_80BEC890	2.8.0	2.8.0-G0	_maybe_unfill_return_delay
dungeon/func_80BECBF0	2.8.0	2.8.0-G0	_maybe_unfill_return_delay
dungeon/func_80BEE394	2.8.0	2.8.0-G0	_maybe_unfill_return_delay
dungeon/func_80BFD000	2.8.1	2.8.1-G0	_maybe_unfill_return_delay
dungeon/func_80C69880	2.8.0	2.8.0-G0	genuine-exact (control)
dungeon/func_80C6B224	2.8.0	2.8.0-G0	_maybe_unfill_return_delay
dungeon/func_80C6B604	2.8.0	2.8.0-G0	_maybe_unfill_return_delay
dungeon/func_80CBD2E0	2.8.1	2.8.1-G0 -fno-cse-skip-blocks	_maybe_unfill_return_delay
dungeon/func_80CBE9B0	2.8.1	2.8.1-G0	_maybe_unfill_return_delay
dungeon/func_80CBED38	2.8.1	2.8.1-G0	_maybe_unfill_return_delay
dungeon/func_80CBEDB8	2.8.1	2.8.1-G0	_maybe_unfill_return_delay
dungeon/func_80CBF410	2.8.1	2.8.1-G0	_maybe_unfill_return_delay
dungeon/func_80CBF800	2.8.1	2.8.1-G0	_maybe_unfill_return_delay
dungeon/func_80CBFBF0	2.8.1	2.8.1-G0	_maybe_unfill_return_delay
dungeon/func_80CBFF20	2.8.1	2.8.1-G0	_maybe_unfill_return_delay
dungeon/func_80CC01AC	2.8.1	2.8.1-G0	_maybe_unfill_return_delay
dungeon/func_80CC085C	2.8.1	2.8.1-G0	_maybe_unfill_return_delay
dungeon/func_80CC1724	2.8.1	2.8.1-G0	_maybe_unfill_return_delay
dungeon/func_80CC25A4	2.8.1	2.8.1-G0	_maybe_unfill_return_delay
dungeon/func_80CC2614	2.8.1	2.8.1-G0	_maybe_unfill_return_delay
dungeon/func_80CE7A1C	2.8.0	2.8.0	_maybe_unfill_return_delay
dungeon/func_80CE8564	2.8.1	2.8.1-G0	_maybe_unfill_return_delay
dungeon/func_80CE9758	2.8.1	2.8.1-G0 -fno-cse-skip-blocks	_maybe_unfill_return_delay
dungeon/func_80D40744	2.8.0	2.8.0-G0	_maybe_unfill_return_delay
dungeon/func_80D65E5C	2.8.0	2.8.0-G0	_maybe_unfill_return_delay
dungeon/func_80D65F80	2.8.0	2.8.0-G0	_maybe_unfill_return_delay
dungeon/func_80D66164	2.8.0	2.8.0-G0	_maybe_unfill_return_delay
dungeon/func_80D66CB0	2.8.0	2.8.0-G0	_maybe_unfill_return_delay
dungeon/func_80D6760C	2.8.0	2.8.0-G0	_maybe_unfill_return_delay
dungeon/func_80D67680	2.8.0	2.8.0-G0	_maybe_unfill_return_delay
dungeon/func_80D678A4	2.8.0	2.8.0-G0	_maybe_unfill_return_delay
dungeon/func_80D67BB4	2.8.0	2.8.0-G0	_maybe_unfill_return_delay
dungeon/func_80D67FF8	2.8.0	2.8.0-G0	_maybe_unfill_return_delay
dungeon/func_80D69CF0	2.8.0	2.8.0-G0	_maybe_unfill_return_delay
dungeon/func_80D6A3E0	2.8.0	2.8.0-G0	_maybe_unfill_return_delay
dungeon/func_80D8F668	2.8.0	2.8.0-G0	_maybe_unfill_return_delay
dungeon/func_80D90514	2.8.0	2.8.0-G0	_unfill_via_load_delay
dungeon/func_80D90580	2.8.0	2.8.0-G0	_maybe_unfill_return_delay
dungeon/func_80D90790	2.8.0	2.8.0-G0	_maybe_unfill_return_delay
dungeon/func_80D90ABC	2.8.0	2.8.0-G0	_maybe_unfill_return_delay
dungeon/func_80D90E98	2.8.0	2.8.0-G0	_maybe_unfill_return_delay
dungeon/func_80D91070	2.8.0	2.8.0-G0	_maybe_unfill_return_delay
dungeon/func_80D91524	2.8.0	2.8.0-G0	_maybe_unfill_return_delay
dungeon/func_80D91E14	2.8.0	2.8.0-G0	_maybe_unfill_return_delay
dungeon/func_80DA7000	2.8.1	2.8.1-G0	_maybe_unfill_return_delay
dungeon/func_80DBC9D8	2.8.1	2.8.1-G0 -fno-cse-follow-jumps	_maybe_unfill_return_delay
dungeon/func_80DE9000	2.8.1	2.8.1-G0	_maybe_unfill_return_delay
dungeon/func_80DF5054	2.8.1	2.8.1	_maybe_unfill_return_delay
dungeon/func_80E376E4	2.8.1	2.8.1-G0 -fno-cse-follow-jumps	_maybe_unfill_return_delay
dungeon/func_80EB506C	2.8.0	2.8.0-G0	_maybe_unfill_return_delay
dungeon/func_80EB5364	2.8.0	2.8.0-G0	_maybe_unfill_return_delay
dungeon/func_80EB6CF4	2.8.0	2.8.0-G0	_maybe_unfill_return_delay
dungeon/func_80EB751C	2.8.0	2.8.0-G0	_maybe_unfill_return_delay
dungeon/func_80EB79FC	2.8.0	2.8.0-G0	_maybe_unfill_return_delay
dungeon/func_80EB7D2C	2.8.0	2.8.0-G0	_maybe_unfill_return_delay
dungeon/func_80EB886C	2.8.0	2.8.0-G0	_maybe_unfill_return_delay
dungeon/func_80EBB06C	2.8.0	2.8.0	_maybe_unfill_return_delay
dungeon/func_80EC706C	2.8.0	2.8.0	_maybe_unfill_return_delay
dungeon/func_80ECD06C	2.8.0	2.8.0	_maybe_unfill_return_delay
dungeon/func_80ED906C	2.8.0	2.8.0	_maybe_unfill_return_delay
dungeon/func_80F09054	2.8.0	2.8.0-G0	_maybe_unfill_return_delay
dungeon/func_80F0928C	2.8.0	2.8.0-G0	_maybe_unfill_return_delay
dungeon/func_80F0A9A4	2.8.0	2.8.0-G0	_maybe_unfill_return_delay
dungeon/func_80F0B0C4	2.8.0	2.8.0-G0	_maybe_unfill_return_delay
dungeon/func_80F0B2A8	2.8.0	2.8.0-G0	_maybe_unfill_return_delay
dungeon/func_80F0B798	2.8.0	2.8.0-G0	_maybe_unfill_return_delay
dungeon/func_80F0C3B8	2.8.0	2.8.0-G0	_maybe_unfill_return_delay
dungeon/func_80F0F054	2.8.1	2.8.1 -G0	_maybe_unfill_return_delay
dungeon/func_80F45000	2.8.1	2.8.1-G0	_maybe_unfill_return_delay
dungeon/func_80F6F070	2.8.1	2.8.1-G0	_maybe_unfill_return_delay
dungeon/func_80F75070	2.8.1	2.8.1-G0	_maybe_unfill_return_delay
dungeon/func_80F81070	2.8.1	2.8.1-G0	_maybe_unfill_return_delay
dungeon/func_80FDB000	2.8.1	2.8.1-G0	_maybe_unfill_return_delay
dungeon/func_80FDE420	2.8.1	2.8.1-G0 -fno-cse-follow-jumps	_maybe_unfill_return_delay
dungeon/func_80FE1000	2.8.1	2.8.1-G0	_maybe_unfill_return_delay
dungeon/func_80FE7000	2.8.1	2.8.1-G0	_maybe_unfill_return_delay
dungeon/func_80FED000	2.8.1	2.8.1-G0 -fno-rerun-cse-after-loop	_maybe_unfill_return_delay
dungeon/func_80FF3000	2.8.1	2.8.1-G0 -fno-cse-follow-jumps	_maybe_unfill_return_delay
dungeon/func_80FF9000	2.8.1	2.8.1-G0	_maybe_unfill_return_delay
dungeon/func_80FFF000	2.8.1	2.8.1-G0	_maybe_unfill_return_delay
dungeon/func_8100508C	2.8.1	2.8.1-G0	_maybe_unfill_return_delay
dungeon/func_81005278	2.8.1	2.8.1-G0	_maybe_unfill_return_delay
dungeon/func_81005858	2.8.1	2.8.1-G0	_maybe_unfill_return_delay
dungeon/func_81006AE0	2.8.1	2.8.1-G0	_maybe_unfill_return_delay
dungeon/func_81006E50	2.8.1	2.8.1-G0	_maybe_unfill_return_delay
dungeon/func_810074E0	2.8.1	2.8.1-G0	_maybe_unfill_return_delay
dungeon/func_810078B4	2.8.1	2.8.1-G0	_maybe_unfill_return_delay
dungeon/func_81007CE0	2.8.1	2.8.1-G0	_maybe_unfill_return_delay
dungeon/func_81008208	2.8.1	2.8.1-G0	_maybe_unfill_return_delay
dungeon/func_8101D000	2.8.1	2.8.1-G0	_maybe_unfill_return_delay
dungeon/func_81031F30	2.8.1	2.8.1-G0 -fno-cse-skip-blocks	_maybe_unfill_return_delay
dungeon/func_810592A4	2.8.1	2.8.1-G0 -fno-cse-follow-jumps	_maybe_unfill_return_delay
dungeon/func_8106B000	2.8.1	2.8.1-G0	_maybe_unfill_return_delay
dungeon/func_81071000	2.8.1	2.8.1-G0	_maybe_unfill_return_delay
dungeon/func_810830BC	2.8.1	2.8.1-G0	_maybe_unfill_return_delay
dungeon/func_810ADDF4	2.8.1	2.8.1-G0 -fno-cse-skip-blocks	_maybe_unfill_return_delay
dungeon/func_810AEADC	2.8.0	2.8.0-G0	_maybe_unfill_return_delay
dungeon/func_810AEB74	2.8.0	2.8.0-G0	_maybe_unfill_return_delay
dungeon/func_810AEEC4	2.8.0	2.8.0-G0	_maybe_unfill_return_delay
dungeon/func_810AF65C	2.8.0	2.8.0-G0	_maybe_unfill_return_delay
dungeon/func_8127C3E0	2.8.1	2.8.1-G0	_maybe_unfill_return_delay
dungeon/func_812A7C08	2.8.0	2.8.0-G0	_maybe_unfill_return_delay
dungeon/func_812A8130	2.8.0	2.8.0-G0	_maybe_unfill_return_delay
dungeon/func_812A8E10	2.8.0	2.8.0-G0	_maybe_unfill_return_delay
dungeon/func_813236DC	2.8.0	2.8.0-G0	_maybe_unfill_return_delay
dungeon/func_81334230	2.8.1	2.8.1-G0 -fno-cse-skip-blocks	_maybe_unfill_return_delay
dungeon/func_81339534	2.8.1	2.8.1 -fno-schedule-insns	_maybe_unfill_return_delay
dungeon/func_8133C2A4	2.8.0	2.8.0-G0	_maybe_unfill_return_delay
dungeon/func_8180D680	2.8.1	2.8.1-G0 -fno-strength-reduce	_maybe_unfill_return_delay
dungeon/func_8180DA84	2.8.1	2.8.1-G0 -fno-strength-reduce	_maybe_unfill_return_delay
dungeon/func_8180DC88	2.8.1	2.8.1-G0 -fno-strength-reduce	_maybe_unfill_return_delay
dungeon/func_81850800	2.8.1	2.8.1-G0	_maybe_unfill_return_delay
dungeon/func_81876014	2.8.1	2.8.1-G0 -fno-schedule-insns	_maybe_unfill_return_delay
dungeon/func_8189E820	2.8.1	2.8.1	_maybe_unfill_return_delay
dungeon/func_818AA83C	2.8.0	2.8.0-G0	_maybe_unfill_return_delay
dungeon/func_818AABB8	2.8.0	2.8.0-G0	_maybe_unfill_return_delay
dungeon/func_818D4B94	2.8.1	2.8.1-G0 -fno-cse-skip-blocks	_maybe_unfill_return_delay
dungeon/func_819059A0	2.8.1	2.8.1-G0 -fno-schedule-insns	_maybe_unfill_return_delay
dungeon/func_81946800	2.8.1	2.8.1-G0	_maybe_unfill_return_delay
dungeon/func_8194C81C	2.8.1	2.8.1-G0	_maybe_unfill_return_delay
dungeon/func_8194C8F0	2.8.0	2.8.0-G0	_maybe_unfill_return_delay
dungeon/func_8194CC94	2.8.0	2.8.0-G0	_maybe_unfill_return_delay
dungeon/func_8194CD5C	2.8.0	2.8.0-G0	_maybe_unfill_return_delay
dungeon/func_8194D118	2.8.0	2.8.0-G0	_maybe_unfill_return_delay
dungeon/func_8194D1E4	2.8.0	2.8.0-G0	_maybe_unfill_return_delay
dungeon/func_819602D8	2.8.0	2.8.0-G0 -fforce-addr	_maybe_unfill_return_delay
dungeon/func_81976850	2.8.1	2.8.1-G0 -fno-cse-follow-jumps	_maybe_unfill_return_delay
dungeon/func_81984754	2.8.1	2.8.1-G0 -fno-cse-follow-jumps	_maybe_unfill_return_delay
dungeon/func_81988800	2.8.1	2.8.1-G0 -fno-strength-reduce	_maybe_unfill_return_delay
dungeon/func_819AD81C	2.8.1	2.8.1-G0 -fno-cse-follow-jumps	_maybe_unfill_return_delay
dungeon/func_819ADDB8	2.8.0	2.8.0	_maybe_unfill_return_delay
dungeon/func_819BF9F4	2.8.1	2.8.1-G0	_maybe_unfill_return_delay
main/func_80011818	2.8.0	2.8.0	_maybe_unfill_return_delay
main/func_8001270C	2.8.1	2.8.1	_maybe_unfill_return_delay
main/func_80012848	2.8.1	2.8.1-G0 -fno-expensive-optimizations	_maybe_unfill_return_delay
main/func_800139B4	2.8.1	2.8.1-G0 -fno-strength-reduce	_maybe_unfill_return_delay
ovmovie/func_800400AC	2.8.1	2.8.1-G0	_maybe_unfill_return_delay
ovmovie/func_80040360	2.8.1	2.8.1+-G0 -fno-schedule-insns	_maybe_unfill_return_delay
slus/konami_runtime_w_80035DBC	2.8.1	2.8.1	_maybe_unfill_return_delay
slus/konami_runtime_w_80037D9C	2.8.1	2.8.1	_maybe_unfill_return_delay
slus/konami_runtime_w_80038240	2.8.1	2.8.1	_unfill_via_load_delay
slus/konami_runtime_w_8003ADB4	2.8.1	2.8.1	_unfill_via_load_delay
slus/konami_runtime_w_8003B92C	2.8.1	2.8.1	_unfill_via_load_delay
slus/konami_runtime_w_8003BAF8	2.8.1	2.8.1	_maybe_unfill_return_delay
slus/w_8003E1FC	2.8.1	2.8.1	_unfill_via_load_delay
slus/w_8003E2D8	2.8.1	2.8.1	_maybe_unfill_return_delay
slus/w_8003E70C	2.8.1	2.8.1	_unfill_via_load_delay
slus/w_8003F80C	2.8.1	2.8.1	_maybe_unfill_return_delay
slus/w_80041038	2.8.1	2.8.1	_unfill_via_load_delay
slus/w_80041094	2.8.1	2.8.1	_maybe_unfill_return_delay
slus/w_800411AC	2.8.1	2.8.1	_maybe_unfill_return_delay
slus/w_800411FC	2.8.1	2.8.1	_maybe_unfill_return_delay
slus/w_80041344	2.8.1	2.8.1	_maybe_unfill_return_delay
slus/w_80041818	2.8.1	2.8.1	_maybe_unfill_return_delay
slus/w_80041CBC	2.8.1	2.8.1 -G0	_maybe_unfill_return_delay
slus/w_80043EB8	2.8.1	2.8.1	_maybe_unfill_return_delay
slus/w_80044AAC	2.8.1	2.8.1	_maybe_unfill_return_delay
slus/w_80044B48	2.8.1	2.8.1	_maybe_unfill_return_delay
slus/w_80047C00	2.8.1	2.8.1	_maybe_unfill_return_delay
slus/w_80048190	2.8.1	2.8.1	_unfill_via_load_delay
slus/w_80048500	2.8.1	2.8.1	_maybe_unfill_return_delay
slus/w_80048998	2.8.1	2.8.1	_unfill_via_load_delay
slus/w_80048B28	2.8.1	2.8.1	_maybe_unfill_return_delay
slus/w_80048EE4	2.8.1	2.8.1	_maybe_unfill_return_delay
slus/w_80049004	2.8.1	2.8.1	_maybe_unfill_return_delay
slus/w_800494B4	2.8.1	2.8.1	_maybe_unfill_return_delay
slus/w_8004A330	2.8.1	2.8.1	_maybe_unfill_return_delay
slus/w_8004B42C	2.8.1	2.8.1 -G0 -fno-schedule-insns	_maybe_unfill_return_delay
slus/w_8004B854	2.8.1	2.8.1	_maybe_unfill_return_delay
slus/w_8004D4AC	2.8.1	2.8.1	_maybe_unfill_return_delay
slus/w_8004D5D0	2.8.1	2.8.1	_unfill_via_load_delay
slus/w_8004D7A8	2.8.1	2.8.1	_unfill_via_load_delay
slus/w_8004D7E8	2.8.1	2.8.1	_unfill_via_load_delay
slus/w_8004EA70	2.8.1	2.8.1	_maybe_unfill_return_delay
slus/w_8004ED5C	2.8.1	2.8.1	_maybe_unfill_return_delay
slus/w_8004EDA8	2.8.1	2.8.1	_maybe_unfill_return_delay
slus/w_8004F418	2.8.1	2.8.1	_maybe_unfill_return_delay
slus/w_8004F5F4	2.8.1	2.8.1 -G0	_maybe_unfill_return_delay
slus/w_8004F95C	2.8.1	2.8.1	_maybe_unfill_return_delay
slus/w_8004FA2C	2.8.1	2.8.1	_maybe_unfill_return_delay
slus/w_80050308	2.8.1	2.8.1	_maybe_unfill_return_delay
slus/w_800504B4	2.8.1	2.8.1	_unfill_via_load_delay
slus/w_80050640	2.8.1	2.8.1	_maybe_unfill_return_delay
slus/w_80050EA8	2.8.1	2.8.1	_maybe_unfill_return_delay
slus/w_80051164	2.8.1	2.8.1	_maybe_unfill_return_delay
slus/w_80051708	2.8.1	2.8.1	_maybe_unfill_return_delay
slus/w_80051BFC	2.8.1	2.8.1	_maybe_unfill_return_delay
slus/w_80053428	2.8.1	2.8.1	_maybe_unfill_return_delay
slus/w_80053F98	2.8.1	2.8.1	_unfill_via_load_delay
slus/w_8005440C	2.8.1	2.8.1	_maybe_unfill_return_delay
slus/w_800544A4	2.8.1	2.8.1	_maybe_unfill_return_delay
slus/w_800546B0	2.8.1	2.8.1	_unfill_via_load_delay
slus/w_800549FC	2.8.1	2.8.1	_maybe_unfill_return_delay
slus/w_80054CD4	2.8.1	2.8.1	_maybe_unfill_return_delay
slus/w_80054E00	2.8.1	2.8.1	_maybe_unfill_return_delay
slus/w_800553D4	2.8.1	2.8.1	_maybe_unfill_return_delay
slus/w_800559B4	2.8.1	2.8.1 -G0	_maybe_unfill_return_delay
slus/w_80055B44	2.8.1	2.8.1	_unfill_via_load_delay
slus/w_800563B0	2.8.1	2.8.1	_unfill_via_load_delay
slus/w_80056408	2.8.1	2.8.1	_maybe_unfill_return_delay
slus/w_800564A8	2.8.1	2.8.1	_maybe_unfill_return_delay
slus/w_80056558	2.8.1	2.8.1	_maybe_unfill_return_delay
slus/w_80056D44	2.8.1	2.8.1	_unfill_via_load_delay
slus/w_80058494	2.8.1	2.8.1	_unfill_via_load_delay
slus/w_800585A0	2.8.1	2.8.1	_maybe_unfill_return_delay
slus/w_80058850	2.8.1	2.8.1	_maybe_unfill_return_delay
slus/w_80058940	2.8.1	2.8.1	_maybe_unfill_return_delay
slus/w_80058B70	2.8.1	2.8.1	_maybe_unfill_return_delay
slus/w_8005914C	2.8.1	2.8.1 -fno-strength-reduce	_unfill_via_load_delay
slus/w_80059BC4	2.8.1	2.8.1 -fno-strength-reduce	_maybe_unfill_return_delay
slus/w_80059E94	2.8.1	2.8.1 -fno-schedule-insns	_maybe_unfill_return_delay
slus/w_8005A2FC	2.8.1	2.8.1	_unfill_via_load_delay
slus/w_8005ACDC	2.8.1	2.8.1	_maybe_unfill_return_delay
slus/w_8005B378	2.8.1	2.8.1	_maybe_unfill_return_delay
town/func_800A7434	2.8.1	2.8.1 -fno-cse-follow-jumps	_unfill_via_load_delay
town/func_800A8F24	2.8.1	2.8.1-G0 -fno-expensive-optimizations	_maybe_unfill_return_delay
town/func_800AC018	2.8.1	2.8.1 -G0 -fno-schedule-insns	_maybe_unfill_return_delay
town/func_800B0BC4	2.8.1	2.8.1-G0 -fno-rerun-cse-after-loop	_maybe_unfill_return_delay
town/func_800C8810	2.8.1	2.8.1-G0 -fno-expensive-optimizations	_maybe_unfill_return_delay
town/func_8032E2EC	2.8.1	2.8.1-G0 -fno-schedule-insns -fno-schedule-insns2	_unfill_via_load_delay
town/func_8032E514	2.8.1	2.8.1-G0 -fno-schedule-insns2 -fno-cse-skip-blocks	_maybe_unfill_return_delay
town/func_8032EF6C	2.8.1	2.8.1-G0 -fno-schedule-insns -fno-schedule-insns2	_maybe_unfill_return_delay
town/func_8032F060	2.8.1	2.8.1-G0 -O1	_maybe_unfill_return_delay
town/func_8032F234	2.8.1	2.8.1-G0 -fno-schedule-insns2	_maybe_unfill_return_delay
town/func_803308E8	2.8.1	2.8.1-G0 -fno-schedule-insns2	_maybe_unfill_return_delay
town/func_803334D4	2.8.1	2.8.1	_maybe_unfill_return_delay
town/func_8035A5E4	2.8.1	2.8.1-G0	_unfill_via_load_delay
town/func_8046C188	2.8.1	2.8.1 -fno-cse-skip-blocks	_maybe_unfill_return_delay
town/func_8047E278	2.8.0	2.8.0-G0	_unfill_via_load_delay
town/func_8047E8B4	2.8.0	2.8.0-G0	_unfill_via_load_delay
town/func_804F027C	2.8.1	2.8.1-G0	_unfill_via_load_delay
town/func_80615500	2.8.1	2.8.1-G0 -fno-schedule-insns	_unfill_via_load_delay
town/func_80647308	2.8.1	2.8.1-G0	_unfill_via_load_delay
town/func_806A9100	2.8.1	2.8.1	_maybe_unfill_return_delay
town/func_806CF118	2.8.1	2.8.1-G0	_maybe_unfill_return_delay
town/func_8077DC0C	2.8.1	2.8.1-G0	_unfill_via_load_delay
town/func_8079A1EC	2.8.1	2.8.1-G0	_unfill_via_load_delay
