container,chunk_pool_foff,site_foff,site_vram,derived_base,source_file,line,kind,expression_or_null,containing_function,containing_func_foff,containing_func_vram,containing_func_size,func_status,true_name,distinct_id,attribution,notes
MAIN.BIN,0x25D000,0x25DAE8,0x80020AE8,0x7FDC3000,c_server.c,185,assert,,func_8000DA80,0x25DA80,0x80020A80,1056,MATCH,func_80020A80,D004,direct,
MAIN.BIN,0x25D000,0x25DB2C,0x80020B2C,0x7FDC3000,c_server.c,187,assert,,func_8000DA80,0x25DA80,0x80020A80,1056,MATCH,func_80020A80,D006,direct,
MAIN.BIN,0x25D000,0x25DB70,0x80020B70,0x7FDC3000,c_server.c,189,assert,,func_8000DA80,0x25DA80,0x80020A80,1056,MATCH,func_80020A80,D007,direct,
MAIN.BIN,0x25D000,0x25DBB4,0x80020BB4,0x7FDC3000,c_server.c,191,assert,,func_8000DA80,0x25DA80,0x80020A80,1056,MATCH,func_80020A80,D008,direct,
MAIN.BIN,0x25D000,0x25DBFC,0x80020BFC,0x7FDC3000,c_server.c,194,assert,,func_8000DA80,0x25DA80,0x80020A80,1056,MATCH,func_80020A80,D010,direct,
MAIN.BIN,0x25D000,0x25DC44,0x80020C44,0x7FDC3000,c_server.c,196,assert,,func_8000DA80,0x25DA80,0x80020A80,1056,MATCH,func_80020A80,D012,direct,
MAIN.BIN,0x25D000,0x25DC8C,0x80020C8C,0x7FDC3000,c_server.c,198,assert,,func_8000DA80,0x25DA80,0x80020A80,1056,MATCH,func_80020A80,D013,direct,
MAIN.BIN,0x25D000,0x25DCD4,0x80020CD4,0x7FDC3000,c_server.c,200,assert,,func_8000DA80,0x25DA80,0x80020A80,1056,MATCH,func_80020A80,D014,direct,
MAIN.BIN,0x25D000,0x25DD0C,0x80020D0C,0x7FDC3000,c_server.c,212,assert,,func_8000DA80,0x25DA80,0x80020A80,1056,MATCH,func_80020A80,D018,direct,
MAIN.BIN,0x25D000,0x25DD3C,0x80020D3C,0x7FDC3000,c_server.c,214,assert,,func_8000DA80,0x25DA80,0x80020A80,1056,MATCH,func_80020A80,D020,direct,
MAIN.BIN,0x25D000,0x25DD6C,0x80020D6C,0x7FDC3000,c_server.c,216,assert,,func_8000DA80,0x25DA80,0x80020A80,1056,MATCH,func_80020A80,D022,direct,
MAIN.BIN,0x25D000,0x25DD9C,0x80020D9C,0x7FDC3000,c_server.c,218,assert,,func_8000DA80,0x25DA80,0x80020A80,1056,MATCH,func_80020A80,D024,direct,
MAIN.BIN,0x25D000,0x25DDCC,0x80020DCC,0x7FDC3000,c_server.c,220,assert,,func_8000DA80,0x25DA80,0x80020A80,1056,MATCH,func_80020A80,D026,direct,
MAIN.BIN,0x25D000,0x25DDFC,0x80020DFC,0x7FDC3000,c_server.c,222,assert,,func_8000DA80,0x25DA80,0x80020A80,1056,MATCH,func_80020A80,D028,direct,
MAIN.BIN,0x25D000,0x25DE2C,0x80020E2C,0x7FDC3000,c_server.c,224,assert,,func_8000DA80,0x25DA80,0x80020A80,1056,MATCH,func_80020A80,D029,direct,
MAIN.BIN,0x25D000,0x25DE5C,0x80020E5C,0x7FDC3000,c_server.c,226,assert,,func_8000DA80,0x25DA80,0x80020A80,1056,MATCH,func_80020A80,D030,direct,
MAIN.BIN,0x25D000,0x25DF50,0x80020F50,0x7FDC3000,c_server.c,263,assert,,func_8000DF18,0x25DF18,0x80020F18,456,MATCH,func_80020F18,D036,direct,
MAIN.BIN,0x25D000,0x25DF84,0x80020F84,0x7FDC3000,c_server.c,265,assert,,func_8000DF18,0x25DF18,0x80020F18,456,MATCH,func_80020F18,D037,direct,
MAIN.BIN,0x25D000,0x25DFB8,0x80020FB8,0x7FDC3000,c_server.c,267,assert,,func_8000DF18,0x25DF18,0x80020F18,456,MATCH,func_80020F18,D038,direct,
MAIN.BIN,0x25D000,0x25DFEC,0x80020FEC,0x7FDC3000,c_server.c,269,assert,,func_8000DF18,0x25DF18,0x80020F18,456,MATCH,func_80020F18,D039,direct,
MAIN.BIN,0x25D000,0x25E020,0x80021020,0x7FDC3000,c_server.c,271,assert,,func_8000DF18,0x25DF18,0x80020F18,456,MATCH,func_80020F18,D040,direct,
MAIN.BIN,0x25D000,0x25E054,0x80021054,0x7FDC3000,c_server.c,273,assert,,func_8000DF18,0x25DF18,0x80020F18,456,MATCH,func_80020F18,D041,direct,
MAIN.BIN,0x25D000,0x25E088,0x80021088,0x7FDC3000,c_server.c,275,assert,,func_8000DF18,0x25DF18,0x80020F18,456,MATCH,func_80020F18,D042,direct,
MAIN.BIN,0x25D000,0x25E0B8,0x800210B8,0x7FDC3000,c_server.c,277,assert,,func_8000DF18,0x25DF18,0x80020F18,456,MATCH,func_80020F18,D043,direct,
MAIN.BIN,0x269004,0x269A5C,0x80400A5C,0x80197000,c_server.c,180,assert,,func_80019A10,0x269A10,0x80400A10,1060,MATCH,func_8002CA10,D001,direct,
MAIN.BIN,0x269004,0x269AA0,0x80400AA0,0x80197000,c_server.c,182,assert,,func_80019A10,0x269A10,0x80400A10,1060,MATCH,func_8002CA10,D002,direct,
MAIN.BIN,0x269004,0x269AE4,0x80400AE4,0x80197000,c_server.c,184,assert,,func_80019A10,0x269A10,0x80400A10,1060,MATCH,func_8002CA10,D003,direct,
MAIN.BIN,0x269004,0x269B28,0x80400B28,0x80197000,c_server.c,186,assert,,func_80019A10,0x269A10,0x80400A10,1060,MATCH,func_8002CA10,D005,direct,
MAIN.BIN,0x269004,0x269B70,0x80400B70,0x80197000,c_server.c,189,assert,,func_80019A10,0x269A10,0x80400A10,1060,MATCH,func_8002CA10,D007,direct,
MAIN.BIN,0x269004,0x269BB8,0x80400BB8,0x80197000,c_server.c,191,assert,,func_80019A10,0x269A10,0x80400A10,1060,MATCH,func_8002CA10,D008,direct,
MAIN.BIN,0x269004,0x269C00,0x80400C00,0x80197000,c_server.c,193,assert,,func_80019A10,0x269A10,0x80400A10,1060,MATCH,func_8002CA10,D009,direct,
MAIN.BIN,0x269004,0x269C48,0x80400C48,0x80197000,c_server.c,195,assert,,func_80019A10,0x269A10,0x80400A10,1060,MATCH,func_8002CA10,D011,direct,
MAIN.BIN,0x269004,0x269C88,0x80400C88,0x80197000,c_server.c,207,assert,,func_80019A10,0x269A10,0x80400A10,1060,MATCH,func_8002CA10,D015,direct,
MAIN.BIN,0x269004,0x269CC0,0x80400CC0,0x80197000,c_server.c,209,assert,,func_80019A10,0x269A10,0x80400A10,1060,MATCH,func_8002CA10,D016,direct,
MAIN.BIN,0x269004,0x269CF8,0x80400CF8,0x80197000,c_server.c,211,assert,,func_80019A10,0x269A10,0x80400A10,1060,MATCH,func_8002CA10,D017,direct,
MAIN.BIN,0x269004,0x269D30,0x80400D30,0x80197000,c_server.c,213,assert,,func_80019A10,0x269A10,0x80400A10,1060,MATCH,func_8002CA10,D019,direct,
MAIN.BIN,0x269004,0x269D68,0x80400D68,0x80197000,c_server.c,215,assert,,func_80019A10,0x269A10,0x80400A10,1060,MATCH,func_8002CA10,D021,direct,
MAIN.BIN,0x269004,0x269DA0,0x80400DA0,0x80197000,c_server.c,217,assert,,func_80019A10,0x269A10,0x80400A10,1060,MATCH,func_8002CA10,D023,direct,
MAIN.BIN,0x269004,0x269DD8,0x80400DD8,0x80197000,c_server.c,219,assert,,func_80019A10,0x269A10,0x80400A10,1060,MATCH,func_8002CA10,D025,direct,
MAIN.BIN,0x269004,0x269E10,0x80400E10,0x80197000,c_server.c,221,assert,,func_80019A10,0x269A10,0x80400A10,1060,MATCH,func_8002CA10,D027,direct,
MAIN.BIN,0x269038,0x269E54,0x80400E54,0x80197000,c_server.c,,expr,card_first_flg,func_80019E34,0x269E34,0x80400E34,196,MATCH,func_8002CE34,D080,rdata-block-before,pool-neighbours before:c_server.c
MAIN.BIN,0x269004,0x269F30,0x80400F30,0x80197000,c_server.c,253,assert,,func_80019EF8,0x269EF8,0x80400EF8,488,MATCH,func_8002CEF8,D031,direct,
MAIN.BIN,0x269004,0x269F68,0x80400F68,0x80197000,c_server.c,255,assert,,func_80019EF8,0x269EF8,0x80400EF8,488,MATCH,func_8002CEF8,D032,direct,
MAIN.BIN,0x269004,0x269FA0,0x80400FA0,0x80197000,c_server.c,257,assert,,func_80019EF8,0x269EF8,0x80400EF8,488,MATCH,func_8002CEF8,D033,direct,
MAIN.BIN,0x269004,0x269FD8,0x80400FD8,0x80197000,c_server.c,259,assert,,func_80019EF8,0x269EF8,0x80400EF8,488,MATCH,func_8002CEF8,D034,direct,
MAIN.BIN,0x269004,0x26A010,0x80401010,0x80197000,c_server.c,261,assert,,func_80019EF8,0x269EF8,0x80400EF8,488,MATCH,func_8002CEF8,D035,direct,
MAIN.BIN,0x269004,0x26A048,0x80401048,0x80197000,c_server.c,263,assert,,func_80019EF8,0x269EF8,0x80400EF8,488,MATCH,func_8002CEF8,D036,direct,
MAIN.BIN,0x269004,0x26A080,0x80401080,0x80197000,c_server.c,265,assert,,func_80019EF8,0x269EF8,0x80400EF8,488,MATCH,func_8002CEF8,D037,direct,
MAIN.BIN,0x269004,0x26A0B8,0x804010B8,0x80197000,c_server.c,267,assert,,func_80019EF8,0x269EF8,0x80400EF8,488,MATCH,func_8002CEF8,D038,direct,
MAIN.BIN,0x269038,0x26ABB8,0x80401BB8,0x80197000,c_server.c,,expr,cnt,func_8001AB30,0x26AB30,0x80401B30,196,MATCH,func_80401B30,D081,rdata-block-before,pool-neighbours before:c_server.c
MAIN.BIN,0x269114,0x26AFD4,0x80401FD4,0x80197000,,,expr,(int)gsw->check_sum,func_8001AF98,0x26AF98,0x80401F98,84,MATCH,func_80401F98,D070,unattributed,pool-neighbours before:c_server.c
MAIN.BIN,0x269114,0x26B050,0x80402050,0x80197000,,,expr,(int)gsw->check_sum,func_8001AFEC,0x26AFEC,0x80401FEC,152,MATCH,func_80401FEC,D070,unattributed,pool-neighbours before:c_server.c
MAIN.BIN,0x269038,0x26B348,0x80402348,0x80197000,c_server.c,,expr,cnt,func_8001B2C8,0x26B2C8,0x804022C8,252,MATCH,func_804022C8,D081,rdata-block-before,pool-neighbours before:c_server.c
MAIN.BIN,0x269548,0x26BFF8,0x80402FF8,0x80197000,card_mes.c,665,assert,,func_8001BF84,0x26BF84,0x80402F84,328,MATCH,func_80402F84,D044,direct,
MAIN.BIN,0x2695A0,0x26CC20,0x80403C20,0x80197000,card_opt.c,337,assert,,func_8001CBC4,0x26CBC4,0x80403BC4,272,MATCH,func_80403BC4,D045,direct,
MAIN.BIN,0x2695F8,0x26D3C0,0x804043C0,0x80197000,card_win.c,299,assert,,func_8001D364,0x26D364,0x80404364,372,MATCH,func_80404364,D046,direct,
MAIN.BIN,0x2695F8,0x26D3E8,0x804043E8,0x80197000,card_win.c,300,assert,,func_8001D364,0x26D364,0x80404364,372,MATCH,func_80404364,D047,direct,
MAIN.BIN,0x2695F8,0x26D430,0x80404430,0x80197000,card_win.c,303,assert,,func_8001D364,0x26D364,0x80404364,372,MATCH,func_80404364,D048,direct,
MAIN.BIN,0x26962C,0x26DCE8,0x80404CE8,0x80197000,cardbk.c,378,assert,,func_8001DC84,0x26DC84,0x80404C84,312,MATCH,func_80404C84,D049,direct,
MAIN.BIN,0x269738,0x26E854,0x80405854,0x80197000,cardinfo.c,416,assert,,func_8001E7F0,0x26E7F0,0x804057F0,272,MATCH,func_804057F0,D050,direct,
MAIN.BIN,0x2697A4,0x270724,0x80407724,0x80197000,cardslot.c,310,assert,,func_800206C8,0x2706C8,0x804076C8,268,MATCH,func_804076C8,D051,direct,
MAIN.BIN,0x2697A4,0x2707F0,0x804077F0,0x80197000,cardslot.c,331,assert,,func_800207D4,0x2707D4,0x804077D4,92,MATCH,func_804077D4,D052,direct,
MAIN.BIN,0x2697A4,0x270850,0x80407850,0x80197000,cardslot.c,339,assert,,func_80020830,0x270830,0x80407830,76,MATCH,func_80407830,D053,direct,
MAIN.BIN,0x2697D8,0x270C6C,0x80407C6C,0x80197000,cardsme.c,238,assert,,func_80020C10,0x270C10,0x80407C10,252,MATCH,func_80407C10,D054,direct,
MAIN.BIN,0x26986C,0x271460,0x80408460,0x80197000,memory.c,371,assert,,func_800213FC,0x2713FC,0x804083FC,224,dup:MATCH,,D063,direct,
MAIN.BIN,0x26986C,0x271500,0x80408500,0x80197000,memory.c,387,assert,,func_800214DC,0x2714DC,0x804084DC,128,dup:MATCH,,D064,direct,
TOWN.BIN,0x26986C,0x271460,0x80408460,0x80197000,memory.c,371,assert,,func_800213FC,0x2713FC,0x804083FC,224,dup:MATCH,,D063,direct,cross-container (rdata absent from TOWN.BIN)
TOWN.BIN,0x26986C,0x271500,0x80408500,0x80197000,memory.c,387,assert,,func_800214DC,0x2714DC,0x804084DC,128,dup:MATCH,,D064,direct,cross-container (rdata absent from TOWN.BIN)
TOWN.BIN,0x2AB834,0x2AE59C,0x80018D9C,0x7FD6A800,lshop.c,65,assert,,func_8032E514,0x2AE514,0x80018D14,288,MATCH,func_80018D14,D058,direct,
TOWN.BIN,0x2AB834,0x2AE7B4,0x80018FB4,0x7FD6A800,lshop.c,113,assert,,func_8032E720,0x2AE720,0x80018F20,416,MATCH,func_80018F20,D055,direct,
TOWN.BIN,0x2AB834,0x2AE870,0x80019070,0x7FD6A800,lshop.c,118,assert,,func_8032E720,0x2AE720,0x80018F20,416,MATCH,func_80018F20,D056,direct,
TOWN.BIN,0x2AB834,0x2AE928,0x80019128,0x7FD6A800,lshop.c,128,assert,,func_8032E8C0,0x2AE8C0,0x800190C0,260,MATCH,func_800190C0,D057,direct,
TOWN.BIN,0x2AB864,0x2AED74,0x80019574,0x7FD6A800,main.c,40,assert,,func_8032ECE4,0x2AECE4,0x800194E4,212,MATCH,func_800194E4,D060,direct,
TOWN.BIN,0x2AB864,0x2AEE64,0x80019664,0x7FD6A800,main.c,55,assert,,func_8032EDB8,0x2AEDB8,0x800195B8,240,MATCH,func_800195B8,D062,direct,
TOWN.BIN,0x2AB894,0x2AFA00,0x8001A200,0x7FD6A800,main.c,,expr,((u_long)p - (u_long)ost_w)/ sizeof(OSETDT),func_8032F844,0x2AF844,0x8001A044,864,MATCH,func_8001A044,D082,rdata-block-before,pool-neighbours before:main.c; after:player.c
TOWN.BIN,0x2AB894,0x2AFB14,0x8001A314,0x7FD6A800,main.c,,expr,((u_long)pp - (u_long)osel_w)/ sizeof(OSETDT*),func_8032F844,0x2AF844,0x8001A044,864,MATCH,func_8001A044,D083,rdata-block-before,pool-neighbours before:main.c; after:player.c
TOWN.BIN,0x2AB894,0x2AFB6C,0x8001A36C,0x7FD6A800,main.c,,expr,cdhd_cnt,func_8032F844,0x2AF844,0x8001A044,864,MATCH,func_8001A044,D084,rdata-block-before,pool-neighbours before:main.c; after:player.c
TOWN.BIN,0x2AB90C,0x2B021C,0x8001AA1C,0x7FD6A800,,,expr,s0[0],func_803301B8,0x2B01B8,0x8001A9B8,312,MATCH,func_8001A9B8,D076,unattributed,pool-neighbours before:main.c; after:player.c
TOWN.BIN,0x2AB90C,0x2B0254,0x8001AA54,0x7FD6A800,,,expr,s1[0],func_803301B8,0x2B01B8,0x8001A9B8,312,MATCH,func_8001A9B8,D077,unattributed,pool-neighbours before:main.c; after:player.c
TOWN.BIN,0x2AB90C,0x2B0298,0x8001AA98,0x7FD6A800,,,expr,s[0],func_803301B8,0x2B01B8,0x8001A9B8,312,MATCH,func_8001A9B8,D078,unattributed,pool-neighbours before:main.c; after:player.c
TOWN.BIN,0x2AB930,0x2B0418,0x8001AC18,0x7FD6A800,player.c,64,assert,,func_80330374,0x2B0374,0x8001AB74,248,MATCH,func_8001AB74,D065,direct,
TOWN.BIN,0x3E816C,0x3EC33C,0x8001D33C,0x7FC31000,,,expr,head,func_8046C280,0x3EC280,0x8001D280,404,MATCH,func_8001D280,D071,unattributed,pool-neighbours after:main.c
TOWN.BIN,0x3E816C,0x3EC3B8,0x8001D3B8,0x7FC31000,,,expr,ptr[n].vx,func_8046C280,0x3EC280,0x8001D280,404,MATCH,func_8001D280,D074,unattributed,pool-neighbours after:main.c
TOWN.BIN,0x3E816C,0x3EC3E0,0x8001D3E0,0x7FC31000,,,expr,ptr[n].vy,func_8046C280,0x3EC280,0x8001D280,404,MATCH,func_8001D280,D075,unattributed,pool-neighbours after:main.c
TOWN.BIN,0x3E819C,0x3EC4E0,0x8001D4E0,0x7FC31000,main.c,40,assert,,func_8046C450,0x3EC450,0x8001D450,212,dup:MATCH,func_800194E4,D060,direct,
TOWN.BIN,0x3E819C,0x3EC5D0,0x8001D5D0,0x7FC31000,main.c,55,assert,,func_8046C524,0x3EC524,0x8001D524,240,dup:MATCH,func_800195B8,D062,direct,
TOWN.BIN,0x3E81CC,0x3ED16C,0x8001E16C,0x7FC31000,main.c,,expr,((u_long)p - (u_long)ost_w)/ sizeof(OSETDT),func_8046CFB0,0x3ECFB0,0x8001DFB0,864,dup:MATCH,func_8001A044,D082,rdata-block-before,pool-neighbours before:main.c
TOWN.BIN,0x3E81CC,0x3ED280,0x8001E280,0x7FC31000,main.c,,expr,((u_long)pp - (u_long)osel_w)/ sizeof(OSETDT*),func_8046CFB0,0x3ECFB0,0x8001DFB0,864,dup:MATCH,func_8001A044,D083,rdata-block-before,pool-neighbours before:main.c
TOWN.BIN,0x3E81CC,0x3ED2D8,0x8001E2D8,0x7FC31000,main.c,,expr,cdhd_cnt,func_8046CFB0,0x3ECFB0,0x8001DFB0,864,dup:MATCH,func_8001A044,D084,rdata-block-before,pool-neighbours before:main.c
TOWN.BIN,0x3EF020,0x3F1600,0x80018600,0x7FC27000,,,expr,head,func_80471544,0x3F1544,0x80018544,404,not-in-sweep,,D071,unattributed,pool-neighbours after:lshop.c
TOWN.BIN,0x3EF020,0x3F167C,0x8001867C,0x7FC27000,,,expr,ptr[n].vx,func_80471544,0x3F1544,0x80018544,404,not-in-sweep,,D074,unattributed,pool-neighbours after:lshop.c
TOWN.BIN,0x3EF020,0x3F16A4,0x800186A4,0x7FC27000,,,expr,ptr[n].vy,func_80471544,0x3F1544,0x80018544,404,not-in-sweep,,D075,unattributed,pool-neighbours after:lshop.c
TOWN.BIN,0x3EF050,0x3F1B4C,0x80018B4C,0x7FC27000,lshop.c,65,assert,,func_80471AC4,0x3F1AC4,0x80018AC4,288,dup:MATCH,func_80018D14,D058,direct,
TOWN.BIN,0x3EF050,0x3F1D64,0x80018D64,0x7FC27000,lshop.c,113,assert,,func_80471CD0,0x3F1CD0,0x80018CD0,416,dup:MATCH,func_80018F20,D055,direct,
TOWN.BIN,0x3EF050,0x3F1E20,0x80018E20,0x7FC27000,lshop.c,118,assert,,func_80471CD0,0x3F1CD0,0x80018CD0,416,dup:MATCH,func_80018F20,D056,direct,
TOWN.BIN,0x3EF050,0x3F1ED8,0x80018ED8,0x7FC27000,lshop.c,128,assert,,func_80471E70,0x3F1E70,0x80018E70,260,dup:MATCH,func_800190C0,D057,direct,
TOWN.BIN,0x3EF080,0x3F2234,0x80019234,0x7FC27000,main.c,40,assert,,func_804721A4,0x3F21A4,0x800191A4,212,dup:MATCH,func_800194E4,D060,direct,
TOWN.BIN,0x3EF080,0x3F2324,0x80019324,0x7FC27000,main.c,55,assert,,func_80472278,0x3F2278,0x80019278,240,dup:MATCH,func_800195B8,D062,direct,
TOWN.BIN,0x3EF0B0,0x3F2EC0,0x80019EC0,0x7FC27000,main.c,,expr,((u_long)p - (u_long)ost_w)/ sizeof(OSETDT),func_80472D04,0x3F2D04,0x80019D04,864,dup:MATCH,func_8001A044,D082,rdata-block-before,pool-neighbours before:main.c; after:player.c
TOWN.BIN,0x3EF0B0,0x3F2FD4,0x80019FD4,0x7FC27000,main.c,,expr,((u_long)pp - (u_long)osel_w)/ sizeof(OSETDT*),func_80472D04,0x3F2D04,0x80019D04,864,dup:MATCH,func_8001A044,D083,rdata-block-before,pool-neighbours before:main.c; after:player.c
TOWN.BIN,0x3EF0B0,0x3F302C,0x8001A02C,0x7FC27000,main.c,,expr,cdhd_cnt,func_80472D04,0x3F2D04,0x80019D04,864,dup:MATCH,func_8001A044,D084,rdata-block-before,pool-neighbours before:main.c; after:player.c
TOWN.BIN,0x3EF128,0x3F3348,0x8001A348,0x7FC27000,player.c,64,assert,,func_804732A4,0x3F32A4,0x8001A2A4,248,dup:MATCH,func_8001AB74,D065,direct,
TOWN.BIN,0x3F613C,0x3F759C,0x8001859C,0x7FC21000,,,expr,head,func_804774E0,0x3F74E0,0x800184E0,404,not-in-sweep,,D071,unattributed,pool-neighbours after:main.c
TOWN.BIN,0x3F613C,0x3F7618,0x80018618,0x7FC21000,,,expr,ptr[n].vx,func_804774E0,0x3F74E0,0x800184E0,404,not-in-sweep,,D074,unattributed,pool-neighbours after:main.c
TOWN.BIN,0x3F613C,0x3F7640,0x80018640,0x7FC21000,,,expr,ptr[n].vy,func_804774E0,0x3F74E0,0x800184E0,404,not-in-sweep,,D075,unattributed,pool-neighbours after:main.c
TOWN.BIN,0x3F616C,0x3F7740,0x80018740,0x7FC21000,main.c,40,assert,,func_804776B0,0x3F76B0,0x800186B0,212,dup:MATCH,func_800194E4,D060,direct,
TOWN.BIN,0x3F616C,0x3F7830,0x80018830,0x7FC21000,main.c,55,assert,,func_80477784,0x3F7784,0x80018784,240,dup:MATCH,func_800195B8,D062,direct,
TOWN.BIN,0x3F619C,0x3F83CC,0x800193CC,0x7FC21000,main.c,,expr,((u_long)p - (u_long)ost_w)/ sizeof(OSETDT),func_80478210,0x3F8210,0x80019210,864,dup:MATCH,func_8001A044,D082,rdata-block-before,pool-neighbours before:main.c
TOWN.BIN,0x3F619C,0x3F84E0,0x800194E0,0x7FC21000,main.c,,expr,((u_long)pp - (u_long)osel_w)/ sizeof(OSETDT*),func_80478210,0x3F8210,0x80019210,864,dup:MATCH,func_8001A044,D083,rdata-block-before,pool-neighbours before:main.c
TOWN.BIN,0x3F619C,0x3F8538,0x80019538,0x7FC21000,main.c,,expr,cdhd_cnt,func_80478210,0x3F8210,0x80019210,864,dup:MATCH,func_8001A044,D084,rdata-block-before,pool-neighbours before:main.c
TOWN.BIN,0x3FA93C,0x3FBD9C,0x8001859C,0x7FC1C800,,,expr,head,func_8047BCE0,0x3FBCE0,0x800184E0,404,not-in-sweep,,D071,unattributed,pool-neighbours after:main.c
TOWN.BIN,0x3FA93C,0x3FBE18,0x80018618,0x7FC1C800,,,expr,ptr[n].vx,func_8047BCE0,0x3FBCE0,0x800184E0,404,not-in-sweep,,D074,unattributed,pool-neighbours after:main.c
TOWN.BIN,0x3FA93C,0x3FBE40,0x80018640,0x7FC1C800,,,expr,ptr[n].vy,func_8047BCE0,0x3FBCE0,0x800184E0,404,not-in-sweep,,D075,unattributed,pool-neighbours after:main.c
TOWN.BIN,0x3FA96C,0x3FBF40,0x80018740,0x7FC1C800,main.c,40,assert,,func_8047BEB0,0x3FBEB0,0x800186B0,212,dup:MATCH,func_800194E4,D060,direct,
TOWN.BIN,0x3FA96C,0x3FC030,0x80018830,0x7FC1C800,main.c,55,assert,,func_8047BF84,0x3FBF84,0x80018784,240,dup:MATCH,func_800195B8,D062,direct,
TOWN.BIN,0x3FA99C,0x3FCBCC,0x800193CC,0x7FC1C800,main.c,,expr,((u_long)p - (u_long)ost_w)/ sizeof(OSETDT),func_8047CA10,0x3FCA10,0x80019210,864,dup:MATCH,func_8001A044,D082,rdata-block-before,pool-neighbours before:main.c
TOWN.BIN,0x3FA99C,0x3FCCE0,0x800194E0,0x7FC1C800,main.c,,expr,((u_long)pp - (u_long)osel_w)/ sizeof(OSETDT*),func_8047CA10,0x3FCA10,0x80019210,864,dup:MATCH,func_8001A044,D083,rdata-block-before,pool-neighbours before:main.c
TOWN.BIN,0x3FA99C,0x3FCD38,0x80019538,0x7FC1C800,main.c,,expr,cdhd_cnt,func_8047CA10,0x3FCA10,0x80019210,864,dup:MATCH,func_8001A044,D084,rdata-block-before,pool-neighbours before:main.c
TOWN.BIN,0x3FE024,0x3FE4D0,0x800164D0,0x7FC18000,main.c,40,assert,,func_8047E440,0x3FE440,0x80016440,212,dup:MATCH,func_800194E4,D060,direct,
TOWN.BIN,0x3FE024,0x3FE5C0,0x800165C0,0x7FC18000,main.c,55,assert,,func_8047E514,0x3FE514,0x80016514,240,dup:MATCH,func_800195B8,D062,direct,
TOWN.BIN,0x3FE054,0x3FF15C,0x8001715C,0x7FC18000,main.c,,expr,((u_long)p - (u_long)ost_w)/ sizeof(OSETDT),func_8047EFA0,0x3FEFA0,0x80016FA0,864,dup:MATCH,func_8001A044,D082,rdata-block-before,pool-neighbours before:main.c
TOWN.BIN,0x3FE054,0x3FF270,0x80017270,0x7FC18000,main.c,,expr,((u_long)pp - (u_long)osel_w)/ sizeof(OSETDT*),func_8047EFA0,0x3FEFA0,0x80016FA0,864,dup:MATCH,func_8001A044,D083,rdata-block-before,pool-neighbours before:main.c
TOWN.BIN,0x3FE054,0x3FF2C8,0x800172C8,0x7FC18000,main.c,,expr,cdhd_cnt,func_8047EFA0,0x3FEFA0,0x80016FA0,864,dup:MATCH,func_8001A044,D084,rdata-block-before,pool-neighbours before:main.c
TOWN.BIN,0x400020,0x400834,0x80016834,0x7FC16000,,,expr,head,func_80480778,0x400778,0x80016778,404,not-in-sweep,,D071,unattributed,pool-neighbours after:lshop.c
TOWN.BIN,0x400020,0x4008B0,0x800168B0,0x7FC16000,,,expr,ptr[n].vx,func_80480778,0x400778,0x80016778,404,not-in-sweep,,D074,unattributed,pool-neighbours after:lshop.c
TOWN.BIN,0x400020,0x4008D8,0x800168D8,0x7FC16000,,,expr,ptr[n].vy,func_80480778,0x400778,0x80016778,404,not-in-sweep,,D075,unattributed,pool-neighbours after:lshop.c
TOWN.BIN,0x400050,0x400C70,0x80016C70,0x7FC16000,lshop.c,65,assert,,func_80480BE8,0x400BE8,0x80016BE8,288,dup:MATCH,func_80018D14,D058,direct,
TOWN.BIN,0x400050,0x400E88,0x80016E88,0x7FC16000,lshop.c,113,assert,,func_80480DF4,0x400DF4,0x80016DF4,416,dup:MATCH,func_80018F20,D055,direct,
TOWN.BIN,0x400050,0x400F44,0x80016F44,0x7FC16000,lshop.c,118,assert,,func_80480DF4,0x400DF4,0x80016DF4,416,dup:MATCH,func_80018F20,D056,direct,
TOWN.BIN,0x400050,0x400FFC,0x80016FFC,0x7FC16000,lshop.c,128,assert,,func_80480F94,0x400F94,0x80016F94,260,dup:MATCH,func_800190C0,D057,direct,
TOWN.BIN,0x400080,0x401358,0x80017358,0x7FC16000,main.c,40,assert,,func_804812C8,0x4012C8,0x800172C8,212,dup:MATCH,func_800194E4,D060,direct,
TOWN.BIN,0x400080,0x401448,0x80017448,0x7FC16000,main.c,55,assert,,func_8048139C,0x40139C,0x8001739C,240,dup:MATCH,func_800195B8,D062,direct,
TOWN.BIN,0x4000B0,0x401FE4,0x80017FE4,0x7FC16000,main.c,,expr,((u_long)p - (u_long)ost_w)/ sizeof(OSETDT),func_80481E28,0x401E28,0x80017E28,864,dup:MATCH,func_8001A044,D082,rdata-block-before,pool-neighbours before:main.c
TOWN.BIN,0x4000B0,0x4020F8,0x800180F8,0x7FC16000,main.c,,expr,((u_long)pp - (u_long)osel_w)/ sizeof(OSETDT*),func_80481E28,0x401E28,0x80017E28,864,dup:MATCH,func_8001A044,D083,rdata-block-before,pool-neighbours before:main.c
TOWN.BIN,0x4000B0,0x402150,0x80018150,0x7FC16000,main.c,,expr,cdhd_cnt,func_80481E28,0x401E28,0x80017E28,864,dup:MATCH,func_8001A044,D084,rdata-block-before,pool-neighbours before:main.c
TOWN.BIN,0x43781C,0x438FBC,0x800177BC,0x7FBDE800,main.c,40,assert,,func_804B8F2C,0x438F2C,0x8001772C,212,dup:MATCH,func_800194E4,D060,direct,
TOWN.BIN,0x43781C,0x4390AC,0x800178AC,0x7FBDE800,main.c,55,assert,,func_804B9000,0x439000,0x80017800,240,dup:MATCH,func_800195B8,D062,direct,
TOWN.BIN,0x43784C,0x439C48,0x80018448,0x7FBDE800,main.c,,expr,((u_long)p - (u_long)ost_w)/ sizeof(OSETDT),func_804B9A8C,0x439A8C,0x8001828C,864,dup:MATCH,func_8001A044,D082,rdata-block-before,pool-neighbours before:main.c
TOWN.BIN,0x43784C,0x439D5C,0x8001855C,0x7FBDE800,main.c,,expr,((u_long)pp - (u_long)osel_w)/ sizeof(OSETDT*),func_804B9A8C,0x439A8C,0x8001828C,864,dup:MATCH,func_8001A044,D083,rdata-block-before,pool-neighbours before:main.c
TOWN.BIN,0x43784C,0x439DB4,0x800185B4,0x7FBDE800,main.c,,expr,cdhd_cnt,func_804B9A8C,0x439A8C,0x8001828C,864,dup:MATCH,func_8001A044,D084,rdata-block-before,pool-neighbours before:main.c
TOWN.BIN,0x45081C,0x450A64,0x80016264,0x7FBC5800,main.c,40,assert,,func_804D09D4,0x4509D4,0x800161D4,212,dup:MATCH,func_800194E4,D060,direct,
TOWN.BIN,0x45081C,0x450B54,0x80016354,0x7FBC5800,main.c,55,assert,,func_804D0AA8,0x450AA8,0x800162A8,240,dup:MATCH,func_800195B8,D062,direct,
TOWN.BIN,0x45084C,0x4516F0,0x80016EF0,0x7FBC5800,main.c,,expr,((u_long)p - (u_long)ost_w)/ sizeof(OSETDT),func_804D1534,0x451534,0x80016D34,864,dup:MATCH,func_8001A044,D082,rdata-block-before,pool-neighbours before:main.c
TOWN.BIN,0x45084C,0x451804,0x80017004,0x7FBC5800,main.c,,expr,((u_long)pp - (u_long)osel_w)/ sizeof(OSETDT*),func_804D1534,0x451534,0x80016D34,864,dup:MATCH,func_8001A044,D083,rdata-block-before,pool-neighbours before:main.c
TOWN.BIN,0x45084C,0x45185C,0x8001705C,0x7FBC5800,main.c,,expr,cdhd_cnt,func_804D1534,0x451534,0x80016D34,864,dup:MATCH,func_8001A044,D084,rdata-block-before,pool-neighbours before:main.c
TOWN.BIN,0x45801C,0x458338,0x80016338,0x7FBBE000,main.c,40,assert,,func_804D82A8,0x4582A8,0x800162A8,212,dup:MATCH,func_800194E4,D060,direct,
TOWN.BIN,0x45801C,0x458428,0x80016428,0x7FBBE000,main.c,55,assert,,func_804D837C,0x45837C,0x8001637C,240,dup:MATCH,func_800195B8,D062,direct,
TOWN.BIN,0x45804C,0x458FC4,0x80016FC4,0x7FBBE000,main.c,,expr,((u_long)p - (u_long)ost_w)/ sizeof(OSETDT),func_804D8E08,0x458E08,0x80016E08,864,dup:MATCH,func_8001A044,D082,rdata-block-before,pool-neighbours before:main.c
TOWN.BIN,0x45804C,0x4590D8,0x800170D8,0x7FBBE000,main.c,,expr,((u_long)pp - (u_long)osel_w)/ sizeof(OSETDT*),func_804D8E08,0x458E08,0x80016E08,864,dup:MATCH,func_8001A044,D083,rdata-block-before,pool-neighbours before:main.c
TOWN.BIN,0x45804C,0x459130,0x80017130,0x7FBBE000,main.c,,expr,cdhd_cnt,func_804D8E08,0x458E08,0x80016E08,864,dup:MATCH,func_8001A044,D084,rdata-block-before,pool-neighbours before:main.c
TOWN.BIN,0x4700F4,0x47035C,0x8001635C,0x7FBA6000,main.c,40,assert,,func_804F02CC,0x4702CC,0x800162CC,212,dup:MATCH,func_800194E4,D060,direct,
TOWN.BIN,0x4700F4,0x47044C,0x8001644C,0x7FBA6000,main.c,55,assert,,func_804F03A0,0x4703A0,0x800163A0,240,dup:MATCH,func_800195B8,D062,direct,
TOWN.BIN,0x470124,0x470FE8,0x80016FE8,0x7FBA6000,main.c,,expr,((u_long)p - (u_long)ost_w)/ sizeof(OSETDT),func_804F0E2C,0x470E2C,0x80016E2C,864,dup:MATCH,func_8001A044,D082,rdata-block-before,pool-neighbours before:main.c
TOWN.BIN,0x470124,0x4710FC,0x800170FC,0x7FBA6000,main.c,,expr,((u_long)pp - (u_long)osel_w)/ sizeof(OSETDT*),func_804F0E2C,0x470E2C,0x80016E2C,864,dup:MATCH,func_8001A044,D083,rdata-block-before,pool-neighbours before:main.c
TOWN.BIN,0x470124,0x471154,0x80017154,0x7FBA6000,main.c,,expr,cdhd_cnt,func_804F0E2C,0x470E2C,0x80016E2C,864,dup:MATCH,func_8001A044,D084,rdata-block-before,pool-neighbours before:main.c
TOWN.BIN,0x48001C,0x480240,0x80016240,0x7FB96000,main.c,40,assert,,func_805001B0,0x4801B0,0x800161B0,212,dup:MATCH,func_800194E4,D060,direct,
TOWN.BIN,0x48001C,0x480330,0x80016330,0x7FB96000,main.c,55,assert,,func_80500284,0x480284,0x80016284,240,dup:MATCH,func_800195B8,D062,direct,
TOWN.BIN,0x48004C,0x480ECC,0x80016ECC,0x7FB96000,main.c,,expr,((u_long)p - (u_long)ost_w)/ sizeof(OSETDT),func_80500D10,0x480D10,0x80016D10,864,dup:MATCH,func_8001A044,D082,rdata-block-before,pool-neighbours before:main.c
TOWN.BIN,0x48004C,0x480FE0,0x80016FE0,0x7FB96000,main.c,,expr,((u_long)pp - (u_long)osel_w)/ sizeof(OSETDT*),func_80500D10,0x480D10,0x80016D10,864,dup:MATCH,func_8001A044,D083,rdata-block-before,pool-neighbours before:main.c
TOWN.BIN,0x48004C,0x481038,0x80017038,0x7FB96000,main.c,,expr,cdhd_cnt,func_80500D10,0x480D10,0x80016D10,864,dup:MATCH,func_8001A044,D084,rdata-block-before,pool-neighbours before:main.c
TOWN.BIN,0x48E01C,0x48E2E8,0x800162E8,0x7FB88000,main.c,40,assert,,func_8050E258,0x48E258,0x80016258,212,dup:MATCH,func_800194E4,D060,direct,
TOWN.BIN,0x48E01C,0x48E3D8,0x800163D8,0x7FB88000,main.c,55,assert,,func_8050E32C,0x48E32C,0x8001632C,240,dup:MATCH,func_800195B8,D062,direct,
TOWN.BIN,0x48E04C,0x48EF74,0x80016F74,0x7FB88000,main.c,,expr,((u_long)p - (u_long)ost_w)/ sizeof(OSETDT),func_8050EDB8,0x48EDB8,0x80016DB8,864,dup:MATCH,func_8001A044,D082,rdata-block-before,pool-neighbours before:main.c
TOWN.BIN,0x48E04C,0x48F088,0x80017088,0x7FB88000,main.c,,expr,((u_long)pp - (u_long)osel_w)/ sizeof(OSETDT*),func_8050EDB8,0x48EDB8,0x80016DB8,864,dup:MATCH,func_8001A044,D083,rdata-block-before,pool-neighbours before:main.c
TOWN.BIN,0x48E04C,0x48F0E0,0x800170E0,0x7FB88000,main.c,,expr,cdhd_cnt,func_8050EDB8,0x48EDB8,0x80016DB8,864,dup:MATCH,func_8001A044,D084,rdata-block-before,pool-neighbours before:main.c
TOWN.BIN,0x49E81C,0x49FFA0,0x800177A0,0x7FB77800,main.c,40,assert,,func_8051FF10,0x49FF10,0x80017710,212,dup:MATCH,func_800194E4,D060,direct,
TOWN.BIN,0x49E81C,0x4A0090,0x80017890,0x7FB77800,main.c,55,assert,,func_8051FFE4,0x49FFE4,0x800177E4,240,dup:MATCH,func_800195B8,D062,direct,
TOWN.BIN,0x49E84C,0x4A0C2C,0x8001842C,0x7FB77800,main.c,,expr,((u_long)p - (u_long)ost_w)/ sizeof(OSETDT),func_80520A70,0x4A0A70,0x80018270,864,dup:MATCH,func_8001A044,D082,rdata-block-before,pool-neighbours before:main.c
TOWN.BIN,0x49E84C,0x4A0D40,0x80018540,0x7FB77800,main.c,,expr,((u_long)pp - (u_long)osel_w)/ sizeof(OSETDT*),func_80520A70,0x4A0A70,0x80018270,864,dup:MATCH,func_8001A044,D083,rdata-block-before,pool-neighbours before:main.c
TOWN.BIN,0x49E84C,0x4A0D98,0x80018598,0x7FB77800,main.c,,expr,cdhd_cnt,func_80520A70,0x4A0A70,0x80018270,864,dup:MATCH,func_8001A044,D084,rdata-block-before,pool-neighbours before:main.c
TOWN.BIN,0x4CF86C,0x4CFC88,0x80016488,0x7FB46800,main.c,40,assert,,func_8054FBF8,0x4CFBF8,0x800163F8,212,dup:MATCH,func_800194E4,D060,direct,
TOWN.BIN,0x4CF86C,0x4CFD78,0x80016578,0x7FB46800,main.c,55,assert,,func_8054FCCC,0x4CFCCC,0x800164CC,240,dup:MATCH,func_800195B8,D062,direct,
TOWN.BIN,0x4CF89C,0x4D0914,0x80017114,0x7FB46800,main.c,,expr,((u_long)p - (u_long)ost_w)/ sizeof(OSETDT),func_80550758,0x4D0758,0x80016F58,864,dup:MATCH,func_8001A044,D082,rdata-block-before,pool-neighbours before:main.c
TOWN.BIN,0x4CF89C,0x4D0A28,0x80017228,0x7FB46800,main.c,,expr,((u_long)pp - (u_long)osel_w)/ sizeof(OSETDT*),func_80550758,0x4D0758,0x80016F58,864,dup:MATCH,func_8001A044,D083,rdata-block-before,pool-neighbours before:main.c
TOWN.BIN,0x4CF89C,0x4D0A80,0x80017280,0x7FB46800,main.c,,expr,cdhd_cnt,func_80550758,0x4D0758,0x80016F58,864,dup:MATCH,func_8001A044,D084,rdata-block-before,pool-neighbours before:main.c
TOWN.BIN,0x4D901C,0x4D91D4,0x800161D4,0x7FB3D000,main.c,40,assert,,func_80559144,0x4D9144,0x80016144,212,dup:MATCH,func_800194E4,D060,direct,
TOWN.BIN,0x4D901C,0x4D92C4,0x800162C4,0x7FB3D000,main.c,55,assert,,func_80559218,0x4D9218,0x80016218,240,dup:MATCH,func_800195B8,D062,direct,
TOWN.BIN,0x4D904C,0x4D9E60,0x80016E60,0x7FB3D000,main.c,,expr,((u_long)p - (u_long)ost_w)/ sizeof(OSETDT),func_80559CA4,0x4D9CA4,0x80016CA4,864,dup:MATCH,func_8001A044,D082,rdata-block-before,pool-neighbours before:main.c
TOWN.BIN,0x4D904C,0x4D9F74,0x80016F74,0x7FB3D000,main.c,,expr,((u_long)pp - (u_long)osel_w)/ sizeof(OSETDT*),func_80559CA4,0x4D9CA4,0x80016CA4,864,dup:MATCH,func_8001A044,D083,rdata-block-before,pool-neighbours before:main.c
TOWN.BIN,0x4D904C,0x4D9FCC,0x80016FCC,0x7FB3D000,main.c,,expr,cdhd_cnt,func_80559CA4,0x4D9CA4,0x80016CA4,864,dup:MATCH,func_8001A044,D084,rdata-block-before,pool-neighbours before:main.c
TOWN.BIN,0x4F901C,0x4F9288,0x80016288,0x7FB1D000,main.c,40,assert,,func_805791F8,0x4F91F8,0x800161F8,212,dup:MATCH,func_800194E4,D060,direct,
TOWN.BIN,0x4F901C,0x4F9378,0x80016378,0x7FB1D000,main.c,55,assert,,func_805792CC,0x4F92CC,0x800162CC,240,dup:MATCH,func_800195B8,D062,direct,
TOWN.BIN,0x4F904C,0x4F9F14,0x80016F14,0x7FB1D000,main.c,,expr,((u_long)p - (u_long)ost_w)/ sizeof(OSETDT),func_80579D58,0x4F9D58,0x80016D58,864,dup:MATCH,func_8001A044,D082,rdata-block-before,pool-neighbours before:main.c
TOWN.BIN,0x4F904C,0x4FA028,0x80017028,0x7FB1D000,main.c,,expr,((u_long)pp - (u_long)osel_w)/ sizeof(OSETDT*),func_80579D58,0x4F9D58,0x80016D58,864,dup:MATCH,func_8001A044,D083,rdata-block-before,pool-neighbours before:main.c
TOWN.BIN,0x4F904C,0x4FA080,0x80017080,0x7FB1D000,main.c,,expr,cdhd_cnt,func_80579D58,0x4F9D58,0x80016D58,864,dup:MATCH,func_8001A044,D084,rdata-block-before,pool-neighbours before:main.c
TOWN.BIN,0x51E020,0x51EE7C,0x80016E7C,0x7FAF8000,lshop.c,65,assert,,func_8059EDF4,0x51EDF4,0x80016DF4,288,dup:MATCH,func_80018D14,D058,direct,
TOWN.BIN,0x51E020,0x51F094,0x80017094,0x7FAF8000,lshop.c,113,assert,,func_8059F000,0x51F000,0x80017000,416,dup:MATCH,func_80018F20,D055,direct,
TOWN.BIN,0x51E020,0x51F150,0x80017150,0x7FAF8000,lshop.c,118,assert,,func_8059F000,0x51F000,0x80017000,416,dup:MATCH,func_80018F20,D056,direct,
TOWN.BIN,0x51E020,0x51F208,0x80017208,0x7FAF8000,lshop.c,128,assert,,func_8059F1A0,0x51F1A0,0x800171A0,260,dup:MATCH,func_800190C0,D057,direct,
TOWN.BIN,0x51E050,0x51F654,0x80017654,0x7FAF8000,main.c,40,assert,,func_8059F5C4,0x51F5C4,0x800175C4,212,dup:MATCH,func_800194E4,D060,direct,
TOWN.BIN,0x51E050,0x51F744,0x80017744,0x7FAF8000,main.c,55,assert,,func_8059F698,0x51F698,0x80017698,240,dup:MATCH,func_800195B8,D062,direct,
TOWN.BIN,0x51E080,0x5202E0,0x800182E0,0x7FAF8000,main.c,,expr,((u_long)p - (u_long)ost_w)/ sizeof(OSETDT),func_805A0124,0x520124,0x80018124,864,dup:MATCH,func_8001A044,D082,rdata-block-before,pool-neighbours before:main.c
TOWN.BIN,0x51E080,0x5203F4,0x800183F4,0x7FAF8000,main.c,,expr,((u_long)pp - (u_long)osel_w)/ sizeof(OSETDT*),func_805A0124,0x520124,0x80018124,864,dup:MATCH,func_8001A044,D083,rdata-block-before,pool-neighbours before:main.c
TOWN.BIN,0x51E080,0x52044C,0x8001844C,0x7FAF8000,main.c,,expr,cdhd_cnt,func_805A0124,0x520124,0x80018124,864,dup:MATCH,func_8001A044,D084,rdata-block-before,pool-neighbours before:main.c
TOWN.BIN,0x552028,0x553F24,0x80017F24,0x7FAC4000,main.c,40,assert,,func_805D3E94,0x553E94,0x80017E94,212,dup:MATCH,func_800194E4,D060,direct,
TOWN.BIN,0x552028,0x554014,0x80018014,0x7FAC4000,main.c,55,assert,,func_805D3F68,0x553F68,0x80017F68,240,dup:MATCH,func_800195B8,D062,direct,
TOWN.BIN,0x552058,0x554BB0,0x80018BB0,0x7FAC4000,main.c,,expr,((u_long)p - (u_long)ost_w)/ sizeof(OSETDT),func_805D49F4,0x5549F4,0x800189F4,864,dup:MATCH,func_8001A044,D082,rdata-block-before,pool-neighbours before:main.c; after:player.c
TOWN.BIN,0x552058,0x554CC4,0x80018CC4,0x7FAC4000,main.c,,expr,((u_long)pp - (u_long)osel_w)/ sizeof(OSETDT*),func_805D49F4,0x5549F4,0x800189F4,864,dup:MATCH,func_8001A044,D083,rdata-block-before,pool-neighbours before:main.c; after:player.c
TOWN.BIN,0x552058,0x554D1C,0x80018D1C,0x7FAC4000,main.c,,expr,cdhd_cnt,func_805D49F4,0x5549F4,0x800189F4,864,dup:MATCH,func_8001A044,D084,rdata-block-before,pool-neighbours before:main.c; after:player.c
TOWN.BIN,0x5520CC,0x555310,0x80019310,0x7FAC4000,player.c,64,assert,,func_805D526C,0x55526C,0x8001926C,248,dup:MATCH,func_8001AB74,D065,direct,
TOWN.BIN,0x581020,0x581598,0x80016598,0x7FA95000,lshop.c,65,assert,,func_80601510,0x581510,0x80016510,288,dup:MATCH,func_80018D14,D058,direct,
TOWN.BIN,0x581020,0x5817B0,0x800167B0,0x7FA95000,lshop.c,113,assert,,func_8060171C,0x58171C,0x8001671C,416,dup:MATCH,func_80018F20,D055,direct,
TOWN.BIN,0x581020,0x58186C,0x8001686C,0x7FA95000,lshop.c,118,assert,,func_8060171C,0x58171C,0x8001671C,416,dup:MATCH,func_80018F20,D056,direct,
TOWN.BIN,0x581020,0x581924,0x80016924,0x7FA95000,lshop.c,128,assert,,func_806018BC,0x5818BC,0x800168BC,260,dup:MATCH,func_800190C0,D057,direct,
TOWN.BIN,0x581050,0x581D70,0x80016D70,0x7FA95000,main.c,40,assert,,func_80601CE0,0x581CE0,0x80016CE0,212,dup:MATCH,func_800194E4,D060,direct,
TOWN.BIN,0x581050,0x581E60,0x80016E60,0x7FA95000,main.c,55,assert,,func_80601DB4,0x581DB4,0x80016DB4,240,dup:MATCH,func_800195B8,D062,direct,
TOWN.BIN,0x581080,0x5829FC,0x800179FC,0x7FA95000,main.c,,expr,((u_long)p - (u_long)ost_w)/ sizeof(OSETDT),func_80602840,0x582840,0x80017840,864,dup:MATCH,func_8001A044,D082,rdata-block-before,pool-neighbours before:main.c
TOWN.BIN,0x581080,0x582B10,0x80017B10,0x7FA95000,main.c,,expr,((u_long)pp - (u_long)osel_w)/ sizeof(OSETDT*),func_80602840,0x582840,0x80017840,864,dup:MATCH,func_8001A044,D083,rdata-block-before,pool-neighbours before:main.c
TOWN.BIN,0x581080,0x582B68,0x80017B68,0x7FA95000,main.c,,expr,cdhd_cnt,func_80602840,0x582840,0x80017840,864,dup:MATCH,func_8001A044,D084,rdata-block-before,pool-neighbours before:main.c
TOWN.BIN,0x594820,0x595968,0x80017168,0x7FA81800,lshop.c,65,assert,,func_806158E0,0x5958E0,0x800170E0,288,dup:MATCH,func_80018D14,D058,direct,
TOWN.BIN,0x594820,0x595B80,0x80017380,0x7FA81800,lshop.c,113,assert,,func_80615AEC,0x595AEC,0x800172EC,416,dup:MATCH,func_80018F20,D055,direct,
TOWN.BIN,0x594820,0x595C3C,0x8001743C,0x7FA81800,lshop.c,118,assert,,func_80615AEC,0x595AEC,0x800172EC,416,dup:MATCH,func_80018F20,D056,direct,
TOWN.BIN,0x594820,0x595CF4,0x800174F4,0x7FA81800,lshop.c,128,assert,,func_80615C8C,0x595C8C,0x8001748C,260,dup:MATCH,func_800190C0,D057,direct,
TOWN.BIN,0x594850,0x596140,0x80017940,0x7FA81800,main.c,40,assert,,func_806160B0,0x5960B0,0x800178B0,212,dup:MATCH,func_800194E4,D060,direct,
TOWN.BIN,0x594850,0x596230,0x80017A30,0x7FA81800,main.c,55,assert,,func_80616184,0x596184,0x80017984,240,dup:MATCH,func_800195B8,D062,direct,
TOWN.BIN,0x594880,0x596DCC,0x800185CC,0x7FA81800,main.c,,expr,((u_long)p - (u_long)ost_w)/ sizeof(OSETDT),func_80616C10,0x596C10,0x80018410,864,dup:MATCH,func_8001A044,D082,rdata-block-before,pool-neighbours before:main.c
TOWN.BIN,0x594880,0x596EE0,0x800186E0,0x7FA81800,main.c,,expr,((u_long)pp - (u_long)osel_w)/ sizeof(OSETDT*),func_80616C10,0x596C10,0x80018410,864,dup:MATCH,func_8001A044,D083,rdata-block-before,pool-neighbours before:main.c
TOWN.BIN,0x594880,0x596F38,0x80018738,0x7FA81800,main.c,,expr,cdhd_cnt,func_80616C10,0x596C10,0x80018410,864,dup:MATCH,func_8001A044,D084,rdata-block-before,pool-neighbours before:main.c
TOWN.BIN,0x5B201C,0x5B2348,0x80016348,0x7FA64000,main.c,40,assert,,func_806322B8,0x5B22B8,0x800162B8,212,dup:MATCH,func_800194E4,D060,direct,
TOWN.BIN,0x5B201C,0x5B2438,0x80016438,0x7FA64000,main.c,55,assert,,func_8063238C,0x5B238C,0x8001638C,240,dup:MATCH,func_800195B8,D062,direct,
TOWN.BIN,0x5B204C,0x5B2FD4,0x80016FD4,0x7FA64000,main.c,,expr,((u_long)p - (u_long)ost_w)/ sizeof(OSETDT),func_80632E18,0x5B2E18,0x80016E18,864,dup:MATCH,func_8001A044,D082,rdata-block-before,pool-neighbours before:main.c
TOWN.BIN,0x5B204C,0x5B30E8,0x800170E8,0x7FA64000,main.c,,expr,((u_long)pp - (u_long)osel_w)/ sizeof(OSETDT*),func_80632E18,0x5B2E18,0x80016E18,864,dup:MATCH,func_8001A044,D083,rdata-block-before,pool-neighbours before:main.c
TOWN.BIN,0x5B204C,0x5B3140,0x80017140,0x7FA64000,main.c,,expr,cdhd_cnt,func_80632E18,0x5B2E18,0x80016E18,864,dup:MATCH,func_8001A044,D084,rdata-block-before,pool-neighbours before:main.c
TOWN.BIN,0x5C701C,0x5C73DC,0x800163DC,0x7FA4F000,main.c,40,assert,,func_8064734C,0x5C734C,0x8001634C,212,dup:MATCH,func_800194E4,D060,direct,
TOWN.BIN,0x5C701C,0x5C74CC,0x800164CC,0x7FA4F000,main.c,55,assert,,func_80647420,0x5C7420,0x80016420,240,dup:MATCH,func_800195B8,D062,direct,
TOWN.BIN,0x5C704C,0x5C8068,0x80017068,0x7FA4F000,main.c,,expr,((u_long)p - (u_long)ost_w)/ sizeof(OSETDT),func_80647EAC,0x5C7EAC,0x80016EAC,864,dup:MATCH,func_8001A044,D082,rdata-block-before,pool-neighbours before:main.c
TOWN.BIN,0x5C704C,0x5C817C,0x8001717C,0x7FA4F000,main.c,,expr,((u_long)pp - (u_long)osel_w)/ sizeof(OSETDT*),func_80647EAC,0x5C7EAC,0x80016EAC,864,dup:MATCH,func_8001A044,D083,rdata-block-before,pool-neighbours before:main.c
TOWN.BIN,0x5C704C,0x5C81D4,0x800171D4,0x7FA4F000,main.c,,expr,cdhd_cnt,func_80647EAC,0x5C7EAC,0x80016EAC,864,dup:MATCH,func_8001A044,D084,rdata-block-before,pool-neighbours before:main.c
TOWN.BIN,0x5DB824,0x5DC5EC,0x80016DEC,0x7FA3A800,main.c,40,assert,,func_8065C55C,0x5DC55C,0x80016D5C,212,dup:MATCH,func_800194E4,D060,direct,
TOWN.BIN,0x5DB824,0x5DC6DC,0x80016EDC,0x7FA3A800,main.c,55,assert,,func_8065C630,0x5DC630,0x80016E30,240,dup:MATCH,func_800195B8,D062,direct,
TOWN.BIN,0x5DB854,0x5DD278,0x80017A78,0x7FA3A800,main.c,,expr,((u_long)p - (u_long)ost_w)/ sizeof(OSETDT),func_8065D0BC,0x5DD0BC,0x800178BC,864,dup:MATCH,func_8001A044,D082,rdata-block-before,pool-neighbours before:main.c
TOWN.BIN,0x5DB854,0x5DD38C,0x80017B8C,0x7FA3A800,main.c,,expr,((u_long)pp - (u_long)osel_w)/ sizeof(OSETDT*),func_8065D0BC,0x5DD0BC,0x800178BC,864,dup:MATCH,func_8001A044,D083,rdata-block-before,pool-neighbours before:main.c
TOWN.BIN,0x5DB854,0x5DD3E4,0x80017BE4,0x7FA3A800,main.c,,expr,cdhd_cnt,func_8065D0BC,0x5DD0BC,0x800178BC,864,dup:MATCH,func_8001A044,D084,rdata-block-before,pool-neighbours before:main.c
TOWN.BIN,0x5FF020,0x5FFB9C,0x80016B9C,0x7FA17000,lshop.c,65,assert,,func_8067FB14,0x5FFB14,0x80016B14,288,dup:MATCH,func_80018D14,D058,direct,
TOWN.BIN,0x5FF020,0x5FFDB4,0x80016DB4,0x7FA17000,lshop.c,113,assert,,func_8067FD20,0x5FFD20,0x80016D20,416,dup:MATCH,func_80018F20,D055,direct,
TOWN.BIN,0x5FF020,0x5FFE70,0x80016E70,0x7FA17000,lshop.c,118,assert,,func_8067FD20,0x5FFD20,0x80016D20,416,dup:MATCH,func_80018F20,D056,direct,
TOWN.BIN,0x5FF020,0x5FFF28,0x80016F28,0x7FA17000,lshop.c,128,assert,,func_8067FEC0,0x5FFEC0,0x80016EC0,260,dup:MATCH,func_800190C0,D057,direct,
TOWN.BIN,0x5FF050,0x600284,0x80017284,0x7FA17000,main.c,40,assert,,func_806801F4,0x6001F4,0x800171F4,212,dup:MATCH,func_800194E4,D060,direct,
TOWN.BIN,0x5FF050,0x600374,0x80017374,0x7FA17000,main.c,55,assert,,func_806802C8,0x6002C8,0x800172C8,240,dup:MATCH,func_800195B8,D062,direct,
TOWN.BIN,0x5FF080,0x600F10,0x80017F10,0x7FA17000,main.c,,expr,((u_long)p - (u_long)ost_w)/ sizeof(OSETDT),func_80680D54,0x600D54,0x80017D54,864,dup:MATCH,func_8001A044,D082,rdata-block-before,pool-neighbours before:main.c
TOWN.BIN,0x5FF080,0x601024,0x80018024,0x7FA17000,main.c,,expr,((u_long)pp - (u_long)osel_w)/ sizeof(OSETDT*),func_80680D54,0x600D54,0x80017D54,864,dup:MATCH,func_8001A044,D083,rdata-block-before,pool-neighbours before:main.c
TOWN.BIN,0x5FF080,0x60107C,0x8001807C,0x7FA17000,main.c,,expr,cdhd_cnt,func_80680D54,0x600D54,0x80017D54,864,dup:MATCH,func_8001A044,D084,rdata-block-before,pool-neighbours before:main.c
TOWN.BIN,0x617020,0x617C6C,0x80016C6C,0x7F9FF000,lshop.c,65,assert,,func_80697BE4,0x617BE4,0x80016BE4,288,dup:MATCH,func_80018D14,D058,direct,
TOWN.BIN,0x617020,0x617E84,0x80016E84,0x7F9FF000,lshop.c,113,assert,,func_80697DF0,0x617DF0,0x80016DF0,416,dup:MATCH,func_80018F20,D055,direct,
TOWN.BIN,0x617020,0x617F40,0x80016F40,0x7F9FF000,lshop.c,118,assert,,func_80697DF0,0x617DF0,0x80016DF0,416,dup:MATCH,func_80018F20,D056,direct,
TOWN.BIN,0x617020,0x617FF8,0x80016FF8,0x7F9FF000,lshop.c,128,assert,,func_80697F90,0x617F90,0x80016F90,260,dup:MATCH,func_800190C0,D057,direct,
TOWN.BIN,0x617050,0x618354,0x80017354,0x7F9FF000,main.c,40,assert,,func_806982C4,0x6182C4,0x800172C4,212,dup:MATCH,func_800194E4,D060,direct,
TOWN.BIN,0x617050,0x618444,0x80017444,0x7F9FF000,main.c,55,assert,,func_80698398,0x618398,0x80017398,240,dup:MATCH,func_800195B8,D062,direct,
TOWN.BIN,0x617080,0x618FE0,0x80017FE0,0x7F9FF000,main.c,,expr,((u_long)p - (u_long)ost_w)/ sizeof(OSETDT),func_80698E24,0x618E24,0x80017E24,864,dup:MATCH,func_8001A044,D082,rdata-block-before,pool-neighbours before:main.c
TOWN.BIN,0x617080,0x6190F4,0x800180F4,0x7F9FF000,main.c,,expr,((u_long)pp - (u_long)osel_w)/ sizeof(OSETDT*),func_80698E24,0x618E24,0x80017E24,864,dup:MATCH,func_8001A044,D083,rdata-block-before,pool-neighbours before:main.c
TOWN.BIN,0x617080,0x61914C,0x8001814C,0x7F9FF000,main.c,,expr,cdhd_cnt,func_80698E24,0x618E24,0x80017E24,864,dup:MATCH,func_8001A044,D084,rdata-block-before,pool-neighbours before:main.c
TOWN.BIN,0x62901C,0x6291F8,0x800161F8,0x7F9ED000,main.c,40,assert,,func_806A9168,0x629168,0x80016168,212,dup:MATCH,func_800194E4,D060,direct,
TOWN.BIN,0x62901C,0x6292E8,0x800162E8,0x7F9ED000,main.c,55,assert,,func_806A923C,0x62923C,0x8001623C,240,dup:MATCH,func_800195B8,D062,direct,
TOWN.BIN,0x62904C,0x629E84,0x80016E84,0x7F9ED000,main.c,,expr,((u_long)p - (u_long)ost_w)/ sizeof(OSETDT),func_806A9CC8,0x629CC8,0x80016CC8,864,dup:MATCH,func_8001A044,D082,rdata-block-before,pool-neighbours before:main.c
TOWN.BIN,0x62904C,0x629F98,0x80016F98,0x7F9ED000,main.c,,expr,((u_long)pp - (u_long)osel_w)/ sizeof(OSETDT*),func_806A9CC8,0x629CC8,0x80016CC8,864,dup:MATCH,func_8001A044,D083,rdata-block-before,pool-neighbours before:main.c
TOWN.BIN,0x62904C,0x629FF0,0x80016FF0,0x7F9ED000,main.c,,expr,cdhd_cnt,func_806A9CC8,0x629CC8,0x80016CC8,864,dup:MATCH,func_8001A044,D084,rdata-block-before,pool-neighbours before:main.c
TOWN.BIN,0x645020,0x646284,0x80017284,0x7F9D1000,lshop.c,65,assert,,func_806C61FC,0x6461FC,0x800171FC,288,dup:MATCH,func_80018D14,D058,direct,
TOWN.BIN,0x645020,0x64649C,0x8001749C,0x7F9D1000,lshop.c,113,assert,,func_806C6408,0x646408,0x80017408,416,dup:MATCH,func_80018F20,D055,direct,
TOWN.BIN,0x645020,0x646558,0x80017558,0x7F9D1000,lshop.c,118,assert,,func_806C6408,0x646408,0x80017408,416,dup:MATCH,func_80018F20,D056,direct,
TOWN.BIN,0x645020,0x646610,0x80017610,0x7F9D1000,lshop.c,128,assert,,func_806C65A8,0x6465A8,0x800175A8,260,dup:MATCH,func_800190C0,D057,direct,
TOWN.BIN,0x645050,0x646A5C,0x80017A5C,0x7F9D1000,main.c,40,assert,,func_806C69CC,0x6469CC,0x800179CC,212,dup:MATCH,func_800194E4,D060,direct,
TOWN.BIN,0x645050,0x646B4C,0x80017B4C,0x7F9D1000,main.c,55,assert,,func_806C6AA0,0x646AA0,0x80017AA0,240,dup:MATCH,func_800195B8,D062,direct,
TOWN.BIN,0x645080,0x6476E8,0x800186E8,0x7F9D1000,main.c,,expr,((u_long)p - (u_long)ost_w)/ sizeof(OSETDT),func_806C752C,0x64752C,0x8001852C,864,dup:MATCH,func_8001A044,D082,rdata-block-before,pool-neighbours before:main.c
TOWN.BIN,0x645080,0x6477FC,0x800187FC,0x7F9D1000,main.c,,expr,((u_long)pp - (u_long)osel_w)/ sizeof(OSETDT*),func_806C752C,0x64752C,0x8001852C,864,dup:MATCH,func_8001A044,D083,rdata-block-before,pool-neighbours before:main.c
TOWN.BIN,0x645080,0x647854,0x80018854,0x7F9D1000,main.c,,expr,cdhd_cnt,func_806C752C,0x64752C,0x8001852C,864,dup:MATCH,func_8001A044,D084,rdata-block-before,pool-neighbours before:main.c
TOWN.BIN,0x64901C,0x64942C,0x8001642C,0x7F9CD000,main.c,40,assert,,func_806C939C,0x64939C,0x8001639C,212,dup:MATCH,func_800194E4,D060,direct,
TOWN.BIN,0x64901C,0x64951C,0x8001651C,0x7F9CD000,main.c,55,assert,,func_806C9470,0x649470,0x80016470,240,dup:MATCH,func_800195B8,D062,direct,
TOWN.BIN,0x64B04C,0x64A0B8,0x800150B8,0x7F9CB000,main.c,,expr,((u_long)p - (u_long)ost_w)/ sizeof(OSETDT),func_806C9EFC,0x649EFC,0x80014EFC,864,dup:MATCH,func_8001A044,D082,rdata-block-before,pool-neighbours before:main.c
TOWN.BIN,0x64B04C,0x64A1CC,0x800151CC,0x7F9CB000,main.c,,expr,((u_long)pp - (u_long)osel_w)/ sizeof(OSETDT*),func_806C9EFC,0x649EFC,0x80014EFC,864,dup:MATCH,func_8001A044,D083,rdata-block-before,pool-neighbours before:main.c
TOWN.BIN,0x64B04C,0x64A224,0x80015224,0x7F9CB000,main.c,,expr,cdhd_cnt,func_806C9EFC,0x649EFC,0x80014EFC,864,dup:MATCH,func_8001A044,D084,rdata-block-before,pool-neighbours before:main.c
TOWN.BIN,0x64B01C,0x64B428,0x80016428,0x7F9CB000,main.c,40,assert,,func_806CB398,0x64B398,0x80016398,212,dup:MATCH,func_800194E4,D060,direct,
TOWN.BIN,0x64B01C,0x64B518,0x80016518,0x7F9CB000,main.c,55,assert,,func_806CB46C,0x64B46C,0x8001646C,240,dup:MATCH,func_800195B8,D062,direct,
TOWN.BIN,0x64D04C,0x64C0B4,0x800150B4,0x7F9C9000,main.c,,expr,((u_long)p - (u_long)ost_w)/ sizeof(OSETDT),func_806CBEF8,0x64BEF8,0x80014EF8,864,dup:MATCH,func_8001A044,D082,rdata-block-before,pool-neighbours before:main.c
TOWN.BIN,0x64D04C,0x64C1C8,0x800151C8,0x7F9C9000,main.c,,expr,((u_long)pp - (u_long)osel_w)/ sizeof(OSETDT*),func_806CBEF8,0x64BEF8,0x80014EF8,864,dup:MATCH,func_8001A044,D083,rdata-block-before,pool-neighbours before:main.c
TOWN.BIN,0x64D04C,0x64C220,0x80015220,0x7F9C9000,main.c,,expr,cdhd_cnt,func_806CBEF8,0x64BEF8,0x80014EF8,864,dup:MATCH,func_8001A044,D084,rdata-block-before,pool-neighbours before:main.c
TOWN.BIN,0x64D01C,0x64D3D0,0x800163D0,0x7F9C9000,main.c,40,assert,,func_806CD340,0x64D340,0x80016340,212,dup:MATCH,func_800194E4,D060,direct,
TOWN.BIN,0x64D01C,0x64D4C0,0x800164C0,0x7F9C9000,main.c,55,assert,,func_806CD414,0x64D414,0x80016414,240,dup:MATCH,func_800195B8,D062,direct,
TOWN.BIN,0x64F04C,0x64E05C,0x8001505C,0x7F9C7000,main.c,,expr,((u_long)p - (u_long)ost_w)/ sizeof(OSETDT),func_806CDEA0,0x64DEA0,0x80014EA0,864,dup:MATCH,func_8001A044,D082,rdata-block-before,pool-neighbours before:main.c
TOWN.BIN,0x64F04C,0x64E170,0x80015170,0x7F9C7000,main.c,,expr,((u_long)pp - (u_long)osel_w)/ sizeof(OSETDT*),func_806CDEA0,0x64DEA0,0x80014EA0,864,dup:MATCH,func_8001A044,D083,rdata-block-before,pool-neighbours before:main.c
TOWN.BIN,0x64F04C,0x64E1C8,0x800151C8,0x7F9C7000,main.c,,expr,cdhd_cnt,func_806CDEA0,0x64DEA0,0x80014EA0,864,dup:MATCH,func_8001A044,D084,rdata-block-before,pool-neighbours before:main.c
TOWN.BIN,0x64F01C,0x64F234,0x80016234,0x7F9C7000,main.c,40,assert,,func_806CF1A4,0x64F1A4,0x800161A4,212,dup:MATCH,func_800194E4,D060,direct,
TOWN.BIN,0x64F01C,0x64F324,0x80016324,0x7F9C7000,main.c,55,assert,,func_806CF278,0x64F278,0x80016278,240,dup:MATCH,func_800195B8,D062,direct,
TOWN.BIN,0x64F04C,0x64FEC0,0x80016EC0,0x7F9C7000,main.c,,expr,((u_long)p - (u_long)ost_w)/ sizeof(OSETDT),func_806CFD04,0x64FD04,0x80016D04,864,dup:MATCH,func_8001A044,D082,rdata-block-before,pool-neighbours before:main.c
TOWN.BIN,0x64F04C,0x64FFD4,0x80016FD4,0x7F9C7000,main.c,,expr,((u_long)pp - (u_long)osel_w)/ sizeof(OSETDT*),func_806CFD04,0x64FD04,0x80016D04,864,dup:MATCH,func_8001A044,D083,rdata-block-before,pool-neighbours before:main.c
TOWN.BIN,0x64F04C,0x65002C,0x8001702C,0x7F9C7000,main.c,,expr,cdhd_cnt,func_806CFD04,0x64FD04,0x80016D04,864,dup:MATCH,func_8001A044,D084,rdata-block-before,pool-neighbours before:main.c
TOWN.BIN,0x65101C,0x6511A4,0x800161A4,0x7F9C5000,main.c,40,assert,,func_806D1114,0x651114,0x80016114,212,dup:MATCH,func_800194E4,D060,direct,
TOWN.BIN,0x65101C,0x651294,0x80016294,0x7F9C5000,main.c,55,assert,,func_806D11E8,0x6511E8,0x800161E8,240,dup:MATCH,func_800195B8,D062,direct,
TOWN.BIN,0x65104C,0x651E30,0x80016E30,0x7F9C5000,main.c,,expr,((u_long)p - (u_long)ost_w)/ sizeof(OSETDT),func_806D1C74,0x651C74,0x80016C74,864,dup:MATCH,func_8001A044,D082,rdata-block-before,pool-neighbours before:main.c
TOWN.BIN,0x65104C,0x651F44,0x80016F44,0x7F9C5000,main.c,,expr,((u_long)pp - (u_long)osel_w)/ sizeof(OSETDT*),func_806D1C74,0x651C74,0x80016C74,864,dup:MATCH,func_8001A044,D083,rdata-block-before,pool-neighbours before:main.c
TOWN.BIN,0x65104C,0x651F9C,0x80016F9C,0x7F9C5000,main.c,,expr,cdhd_cnt,func_806D1C74,0x651C74,0x80016C74,864,dup:MATCH,func_8001A044,D084,rdata-block-before,pool-neighbours before:main.c
TOWN.BIN,0x652948,0x652A6C,0x8001626C,0x7F9C3800,main.c,39,assert,,func_806D29EC,0x6529EC,0x800161EC,196,dup:MATCH,func_8095013C,D059,direct,
TOWN.BIN,0x652948,0x652B38,0x80016338,0x7F9C3800,main.c,54,assert,,func_806D2AB0,0x652AB0,0x800162B0,204,MATCH,func_800162B0,D061,direct,
TOWN.BIN,0x652978,0x65321C,0x80016A1C,0x7F9C3800,main.c,,expr,((u_long)p - (u_long)ost_w)/ sizeof(OSETDT),func_806D30B4,0x6530B4,0x800168B4,716,MATCH,func_800168B4,D082,rdata-block-before,pool-neighbours before:main.c
TOWN.BIN,0x652978,0x6532F4,0x80016AF4,0x7F9C3800,main.c,,expr,((u_long)pp - (u_long)osel_w)/ sizeof(OSETDT*),func_806D30B4,0x6530B4,0x800168B4,716,MATCH,func_800168B4,D083,rdata-block-before,pool-neighbours before:main.c
TOWN.BIN,0x652978,0x65334C,0x80016B4C,0x7F9C3800,main.c,,expr,cdhd_cnt,func_806D30B4,0x6530B4,0x800168B4,716,MATCH,func_800168B4,D084,rdata-block-before,pool-neighbours before:main.c
TOWN.BIN,0x654038,0x6550D8,0x800170D8,0x7F9C2000,main.c,40,assert,,func_806D5048,0x655048,0x80017048,212,dup:MATCH,func_800194E4,D060,direct,
TOWN.BIN,0x654038,0x6551C8,0x800171C8,0x7F9C2000,main.c,55,assert,,func_806D511C,0x65511C,0x8001711C,240,dup:MATCH,func_800195B8,D062,direct,
TOWN.BIN,0x654068,0x655D64,0x80017D64,0x7F9C2000,main.c,,expr,((u_long)p - (u_long)ost_w)/ sizeof(OSETDT),func_806D5BA8,0x655BA8,0x80017BA8,864,dup:MATCH,func_8001A044,D082,rdata-block-before,pool-neighbours before:main.c; after:player.c
TOWN.BIN,0x654068,0x655E78,0x80017E78,0x7F9C2000,main.c,,expr,((u_long)pp - (u_long)osel_w)/ sizeof(OSETDT*),func_806D5BA8,0x655BA8,0x80017BA8,864,dup:MATCH,func_8001A044,D083,rdata-block-before,pool-neighbours before:main.c; after:player.c
TOWN.BIN,0x654068,0x655ED0,0x80017ED0,0x7F9C2000,main.c,,expr,cdhd_cnt,func_806D5BA8,0x655BA8,0x80017BA8,864,dup:MATCH,func_8001A044,D084,rdata-block-before,pool-neighbours before:main.c; after:player.c
TOWN.BIN,0x6540DC,0x6564C4,0x800184C4,0x7F9C2000,player.c,64,assert,,func_806D6420,0x656420,0x80018420,248,dup:MATCH,func_8001AB74,D065,direct,
TOWN.BIN,0x65783C,0x6588E0,0x800170E0,0x7F9BE800,,,expr,head,func_806D8824,0x658824,0x80017024,404,not-in-sweep,,D071,unattributed,pool-neighbours after:main.c
TOWN.BIN,0x65783C,0x65895C,0x8001715C,0x7F9BE800,,,expr,ptr[n].vx,func_806D8824,0x658824,0x80017024,404,not-in-sweep,,D074,unattributed,pool-neighbours after:main.c
TOWN.BIN,0x65783C,0x658984,0x80017184,0x7F9BE800,,,expr,ptr[n].vy,func_806D8824,0x658824,0x80017024,404,not-in-sweep,,D075,unattributed,pool-neighbours after:main.c
TOWN.BIN,0x65786C,0x658A84,0x80017284,0x7F9BE800,main.c,40,assert,,func_806D89F4,0x6589F4,0x800171F4,212,dup:MATCH,func_800194E4,D060,direct,
TOWN.BIN,0x65786C,0x658B74,0x80017374,0x7F9BE800,main.c,55,assert,,func_806D8AC8,0x658AC8,0x800172C8,240,dup:MATCH,func_800195B8,D062,direct,
TOWN.BIN,0x65789C,0x659710,0x80017F10,0x7F9BE800,main.c,,expr,((u_long)p - (u_long)ost_w)/ sizeof(OSETDT),func_806D9554,0x659554,0x80017D54,864,dup:MATCH,func_8001A044,D082,rdata-block-before,pool-neighbours before:main.c
TOWN.BIN,0x65789C,0x659824,0x80018024,0x7F9BE800,main.c,,expr,((u_long)pp - (u_long)osel_w)/ sizeof(OSETDT*),func_806D9554,0x659554,0x80017D54,864,dup:MATCH,func_8001A044,D083,rdata-block-before,pool-neighbours before:main.c
TOWN.BIN,0x65789C,0x65987C,0x8001807C,0x7F9BE800,main.c,,expr,cdhd_cnt,func_806D9554,0x659554,0x80017D54,864,dup:MATCH,func_8001A044,D084,rdata-block-before,pool-neighbours before:main.c
TOWN.BIN,0x65B01C,0x65B24C,0x8001624C,0x7F9BB000,main.c,40,assert,,func_806DB1BC,0x65B1BC,0x800161BC,212,dup:MATCH,func_800194E4,D060,direct,
TOWN.BIN,0x65B01C,0x65B33C,0x8001633C,0x7F9BB000,main.c,55,assert,,func_806DB290,0x65B290,0x80016290,240,dup:MATCH,func_800195B8,D062,direct,
TOWN.BIN,0x65B04C,0x65BED8,0x80016ED8,0x7F9BB000,main.c,,expr,((u_long)p - (u_long)ost_w)/ sizeof(OSETDT),func_806DBD1C,0x65BD1C,0x80016D1C,864,dup:MATCH,func_8001A044,D082,rdata-block-before,pool-neighbours before:main.c
TOWN.BIN,0x65B04C,0x65BFEC,0x80016FEC,0x7F9BB000,main.c,,expr,((u_long)pp - (u_long)osel_w)/ sizeof(OSETDT*),func_806DBD1C,0x65BD1C,0x80016D1C,864,dup:MATCH,func_8001A044,D083,rdata-block-before,pool-neighbours before:main.c
TOWN.BIN,0x65B04C,0x65C044,0x80017044,0x7F9BB000,main.c,,expr,cdhd_cnt,func_806DBD1C,0x65BD1C,0x80016D1C,864,dup:MATCH,func_8001A044,D084,rdata-block-before,pool-neighbours before:main.c
TOWN.BIN,0x67181C,0x671C80,0x80016480,0x7F9A4800,main.c,40,assert,,func_806F1BF0,0x671BF0,0x800163F0,212,dup:MATCH,func_800194E4,D060,direct,
TOWN.BIN,0x67181C,0x671D70,0x80016570,0x7F9A4800,main.c,55,assert,,func_806F1CC4,0x671CC4,0x800164C4,240,dup:MATCH,func_800195B8,D062,direct,
TOWN.BIN,0x67184C,0x67290C,0x8001710C,0x7F9A4800,main.c,,expr,((u_long)p - (u_long)ost_w)/ sizeof(OSETDT),func_806F2750,0x672750,0x80016F50,864,dup:MATCH,func_8001A044,D082,rdata-block-before,pool-neighbours before:main.c
TOWN.BIN,0x67184C,0x672A20,0x80017220,0x7F9A4800,main.c,,expr,((u_long)pp - (u_long)osel_w)/ sizeof(OSETDT*),func_806F2750,0x672750,0x80016F50,864,dup:MATCH,func_8001A044,D083,rdata-block-before,pool-neighbours before:main.c
TOWN.BIN,0x67184C,0x672A78,0x80017278,0x7F9A4800,main.c,,expr,cdhd_cnt,func_806F2750,0x672750,0x80016F50,864,dup:MATCH,func_8001A044,D084,rdata-block-before,pool-neighbours before:main.c
TOWN.BIN,0x68DBE4,0x68FB64,0x80018B64,0x7F989000,lshop.c,65,assert,,func_8070FADC,0x68FADC,0x80018ADC,288,dup:MATCH,func_80018D14,D058,direct,
TOWN.BIN,0x68DBE4,0x68FD7C,0x80018D7C,0x7F989000,lshop.c,113,assert,,func_8070FCE8,0x68FCE8,0x80018CE8,416,dup:MATCH,func_80018F20,D055,direct,
TOWN.BIN,0x68DBE4,0x68FE38,0x80018E38,0x7F989000,lshop.c,118,assert,,func_8070FCE8,0x68FCE8,0x80018CE8,416,dup:MATCH,func_80018F20,D056,direct,
TOWN.BIN,0x68DBE4,0x68FEF0,0x80018EF0,0x7F989000,lshop.c,128,assert,,func_8070FE88,0x68FE88,0x80018E88,260,dup:MATCH,func_800190C0,D057,direct,
TOWN.BIN,0x68DC14,0x69033C,0x8001933C,0x7F989000,main.c,40,assert,,func_807102AC,0x6902AC,0x800192AC,212,dup:MATCH,func_800194E4,D060,direct,
TOWN.BIN,0x68DC14,0x69042C,0x8001942C,0x7F989000,main.c,55,assert,,func_80710380,0x690380,0x80019380,240,dup:MATCH,func_800195B8,D062,direct,
TOWN.BIN,0x68DC44,0x690FC8,0x80019FC8,0x7F989000,main.c,,expr,((u_long)p - (u_long)ost_w)/ sizeof(OSETDT),func_80710E0C,0x690E0C,0x80019E0C,864,dup:MATCH,func_8001A044,D082,rdata-block-before,pool-neighbours before:main.c
TOWN.BIN,0x68DC44,0x6910DC,0x8001A0DC,0x7F989000,main.c,,expr,((u_long)pp - (u_long)osel_w)/ sizeof(OSETDT*),func_80710E0C,0x690E0C,0x80019E0C,864,dup:MATCH,func_8001A044,D083,rdata-block-before,pool-neighbours before:main.c
TOWN.BIN,0x68DC44,0x691134,0x8001A134,0x7F989000,main.c,,expr,cdhd_cnt,func_80710E0C,0x690E0C,0x80019E0C,864,dup:MATCH,func_8001A044,D084,rdata-block-before,pool-neighbours before:main.c
TOWN.BIN,0x6AA01C,0x6AA5EC,0x800165EC,0x7F96C000,main.c,40,assert,,func_8072A55C,0x6AA55C,0x8001655C,212,dup:MATCH,func_800194E4,D060,direct,
TOWN.BIN,0x6AA01C,0x6AA6DC,0x800166DC,0x7F96C000,main.c,55,assert,,func_8072A630,0x6AA630,0x80016630,240,dup:MATCH,func_800195B8,D062,direct,
TOWN.BIN,0x6AA04C,0x6AB278,0x80017278,0x7F96C000,main.c,,expr,((u_long)p - (u_long)ost_w)/ sizeof(OSETDT),func_8072B0BC,0x6AB0BC,0x800170BC,864,dup:MATCH,func_8001A044,D082,rdata-block-before,pool-neighbours before:main.c
TOWN.BIN,0x6AA04C,0x6AB38C,0x8001738C,0x7F96C000,main.c,,expr,((u_long)pp - (u_long)osel_w)/ sizeof(OSETDT*),func_8072B0BC,0x6AB0BC,0x800170BC,864,dup:MATCH,func_8001A044,D083,rdata-block-before,pool-neighbours before:main.c
TOWN.BIN,0x6AA04C,0x6AB3E4,0x800173E4,0x7F96C000,main.c,,expr,cdhd_cnt,func_8072B0BC,0x6AB0BC,0x800170BC,864,dup:MATCH,func_8001A044,D084,rdata-block-before,pool-neighbours before:main.c
TOWN.BIN,0x6CC81C,0x6CCA30,0x80016230,0x7F949800,main.c,40,assert,,func_8074C9A0,0x6CC9A0,0x800161A0,212,dup:MATCH,func_800194E4,D060,direct,
TOWN.BIN,0x6CC81C,0x6CCB20,0x80016320,0x7F949800,main.c,55,assert,,func_8074CA74,0x6CCA74,0x80016274,240,dup:MATCH,func_800195B8,D062,direct,
TOWN.BIN,0x6CC84C,0x6CD6BC,0x80016EBC,0x7F949800,main.c,,expr,((u_long)p - (u_long)ost_w)/ sizeof(OSETDT),func_8074D500,0x6CD500,0x80016D00,864,dup:MATCH,func_8001A044,D082,rdata-block-before,pool-neighbours before:main.c
TOWN.BIN,0x6CC84C,0x6CD7D0,0x80016FD0,0x7F949800,main.c,,expr,((u_long)pp - (u_long)osel_w)/ sizeof(OSETDT*),func_8074D500,0x6CD500,0x80016D00,864,dup:MATCH,func_8001A044,D083,rdata-block-before,pool-neighbours before:main.c
TOWN.BIN,0x6CC84C,0x6CD828,0x80017028,0x7F949800,main.c,,expr,cdhd_cnt,func_8074D500,0x6CD500,0x80016D00,864,dup:MATCH,func_8001A044,D084,rdata-block-before,pool-neighbours before:main.c
TOWN.BIN,0x6E181C,0x6E1E8C,0x8001668C,0x7F934800,main.c,40,assert,,func_80761DFC,0x6E1DFC,0x800165FC,212,dup:MATCH,func_800194E4,D060,direct,
TOWN.BIN,0x6E181C,0x6E1F7C,0x8001677C,0x7F934800,main.c,55,assert,,func_80761ED0,0x6E1ED0,0x800166D0,240,dup:MATCH,func_800195B8,D062,direct,
TOWN.BIN,0x6E184C,0x6E2B18,0x80017318,0x7F934800,main.c,,expr,((u_long)p - (u_long)ost_w)/ sizeof(OSETDT),func_8076295C,0x6E295C,0x8001715C,864,dup:MATCH,func_8001A044,D082,rdata-block-before,pool-neighbours before:main.c
TOWN.BIN,0x6E184C,0x6E2C2C,0x8001742C,0x7F934800,main.c,,expr,((u_long)pp - (u_long)osel_w)/ sizeof(OSETDT*),func_8076295C,0x6E295C,0x8001715C,864,dup:MATCH,func_8001A044,D083,rdata-block-before,pool-neighbours before:main.c
TOWN.BIN,0x6E184C,0x6E2C84,0x80017484,0x7F934800,main.c,,expr,cdhd_cnt,func_8076295C,0x6E295C,0x8001715C,864,dup:MATCH,func_8001A044,D084,rdata-block-before,pool-neighbours before:main.c
TOWN.BIN,0x6EFF5C,0x6F027C,0x80016A7C,0x7F926800,main.c,40,assert,,func_807701EC,0x6F01EC,0x800169EC,212,dup:MATCH,func_800194E4,D060,direct,
TOWN.BIN,0x6EFF5C,0x6F036C,0x80016B6C,0x7F926800,main.c,55,assert,,func_807702C0,0x6F02C0,0x80016AC0,240,dup:MATCH,func_800195B8,D062,direct,
TOWN.BIN,0x6EFF8C,0x6F0F08,0x80017708,0x7F926800,main.c,,expr,((u_long)p - (u_long)ost_w)/ sizeof(OSETDT),func_80770D4C,0x6F0D4C,0x8001754C,864,dup:MATCH,func_8001A044,D082,rdata-block-before,pool-neighbours before:main.c
TOWN.BIN,0x6EFF8C,0x6F101C,0x8001781C,0x7F926800,main.c,,expr,((u_long)pp - (u_long)osel_w)/ sizeof(OSETDT*),func_80770D4C,0x6F0D4C,0x8001754C,864,dup:MATCH,func_8001A044,D083,rdata-block-before,pool-neighbours before:main.c
TOWN.BIN,0x6EFF8C,0x6F1074,0x80017874,0x7F926800,main.c,,expr,cdhd_cnt,func_80770D4C,0x6F0D4C,0x8001754C,864,dup:MATCH,func_8001A044,D084,rdata-block-before,pool-neighbours before:main.c
TOWN.BIN,0x6F481C,0x6F49E4,0x800161E4,0x7F921800,main.c,40,assert,,func_80774954,0x6F4954,0x80016154,212,dup:MATCH,func_800194E4,D060,direct,
TOWN.BIN,0x6F481C,0x6F4AD4,0x800162D4,0x7F921800,main.c,55,assert,,func_80774A28,0x6F4A28,0x80016228,240,dup:MATCH,func_800195B8,D062,direct,
TOWN.BIN,0x6F484C,0x6F5670,0x80016E70,0x7F921800,main.c,,expr,((u_long)p - (u_long)ost_w)/ sizeof(OSETDT),func_807754B4,0x6F54B4,0x80016CB4,864,dup:MATCH,func_8001A044,D082,rdata-block-before,pool-neighbours before:main.c
TOWN.BIN,0x6F484C,0x6F5784,0x80016F84,0x7F921800,main.c,,expr,((u_long)pp - (u_long)osel_w)/ sizeof(OSETDT*),func_807754B4,0x6F54B4,0x80016CB4,864,dup:MATCH,func_8001A044,D083,rdata-block-before,pool-neighbours before:main.c
TOWN.BIN,0x6F484C,0x6F57DC,0x80016FDC,0x7F921800,main.c,,expr,cdhd_cnt,func_807754B4,0x6F54B4,0x80016CB4,864,dup:MATCH,func_8001A044,D084,rdata-block-before,pool-neighbours before:main.c
TOWN.BIN,0x6F701C,0x6F71E4,0x800161E4,0x7F91F000,main.c,40,assert,,func_80777154,0x6F7154,0x80016154,212,dup:MATCH,func_800194E4,D060,direct,
TOWN.BIN,0x6F701C,0x6F72D4,0x800162D4,0x7F91F000,main.c,55,assert,,func_80777228,0x6F7228,0x80016228,240,dup:MATCH,func_800195B8,D062,direct,
TOWN.BIN,0x6F704C,0x6F7E70,0x80016E70,0x7F91F000,main.c,,expr,((u_long)p - (u_long)ost_w)/ sizeof(OSETDT),func_80777CB4,0x6F7CB4,0x80016CB4,864,dup:MATCH,func_8001A044,D082,rdata-block-before,pool-neighbours before:main.c
TOWN.BIN,0x6F704C,0x6F7F84,0x80016F84,0x7F91F000,main.c,,expr,((u_long)pp - (u_long)osel_w)/ sizeof(OSETDT*),func_80777CB4,0x6F7CB4,0x80016CB4,864,dup:MATCH,func_8001A044,D083,rdata-block-before,pool-neighbours before:main.c
TOWN.BIN,0x6F704C,0x6F7FDC,0x80016FDC,0x7F91F000,main.c,,expr,cdhd_cnt,func_80777CB4,0x6F7CB4,0x80016CB4,864,dup:MATCH,func_8001A044,D084,rdata-block-before,pool-neighbours before:main.c
TOWN.BIN,0x6FDB58,0x6FDD60,0x80016560,0x7F918800,main.c,40,assert,,func_8077DCD0,0x6FDCD0,0x800164D0,212,dup:MATCH,func_800194E4,D060,direct,
TOWN.BIN,0x6FDB58,0x6FDE50,0x80016650,0x7F918800,main.c,55,assert,,func_8077DDA4,0x6FDDA4,0x800165A4,240,dup:MATCH,func_800195B8,D062,direct,
TOWN.BIN,0x6FDB88,0x6FE9EC,0x800171EC,0x7F918800,main.c,,expr,((u_long)p - (u_long)ost_w)/ sizeof(OSETDT),func_8077E830,0x6FE830,0x80017030,864,dup:MATCH,func_8001A044,D082,rdata-block-before,pool-neighbours before:main.c
TOWN.BIN,0x6FDB88,0x6FEB00,0x80017300,0x7F918800,main.c,,expr,((u_long)pp - (u_long)osel_w)/ sizeof(OSETDT*),func_8077E830,0x6FE830,0x80017030,864,dup:MATCH,func_8001A044,D083,rdata-block-before,pool-neighbours before:main.c
TOWN.BIN,0x6FDB88,0x6FEB58,0x80017358,0x7F918800,main.c,,expr,cdhd_cnt,func_8077E830,0x6FE830,0x80017030,864,dup:MATCH,func_8001A044,D084,rdata-block-before,pool-neighbours before:main.c
TOWN.BIN,0x705138,0x7052E0,0x800162E0,0x7F911000,main.c,40,assert,,func_80785250,0x705250,0x80016250,212,dup:MATCH,func_800194E4,D060,direct,
TOWN.BIN,0x705138,0x7053D0,0x800163D0,0x7F911000,main.c,55,assert,,func_80785324,0x705324,0x80016324,240,dup:MATCH,func_800195B8,D062,direct,
TOWN.BIN,0x705168,0x705F6C,0x80016F6C,0x7F911000,main.c,,expr,((u_long)p - (u_long)ost_w)/ sizeof(OSETDT),func_80785DB0,0x705DB0,0x80016DB0,864,dup:MATCH,func_8001A044,D082,rdata-block-before,pool-neighbours before:main.c
TOWN.BIN,0x705168,0x706080,0x80017080,0x7F911000,main.c,,expr,((u_long)pp - (u_long)osel_w)/ sizeof(OSETDT*),func_80785DB0,0x705DB0,0x80016DB0,864,dup:MATCH,func_8001A044,D083,rdata-block-before,pool-neighbours before:main.c
TOWN.BIN,0x705168,0x7060D8,0x800170D8,0x7F911000,main.c,,expr,cdhd_cnt,func_80785DB0,0x705DB0,0x80016DB0,864,dup:MATCH,func_8001A044,D084,rdata-block-before,pool-neighbours before:main.c
TOWN.BIN,0x71A138,0x71A308,0x80016308,0x7F8FC000,main.c,40,assert,,func_8079A278,0x71A278,0x80016278,212,dup:MATCH,func_800194E4,D060,direct,
TOWN.BIN,0x71A138,0x71A3F8,0x800163F8,0x7F8FC000,main.c,55,assert,,func_8079A34C,0x71A34C,0x8001634C,240,dup:MATCH,func_800195B8,D062,direct,
TOWN.BIN,0x71A168,0x71AF94,0x80016F94,0x7F8FC000,main.c,,expr,((u_long)p - (u_long)ost_w)/ sizeof(OSETDT),func_8079ADD8,0x71ADD8,0x80016DD8,864,dup:MATCH,func_8001A044,D082,rdata-block-before,pool-neighbours before:main.c
TOWN.BIN,0x71A168,0x71B0A8,0x800170A8,0x7F8FC000,main.c,,expr,((u_long)pp - (u_long)osel_w)/ sizeof(OSETDT*),func_8079ADD8,0x71ADD8,0x80016DD8,864,dup:MATCH,func_8001A044,D083,rdata-block-before,pool-neighbours before:main.c
TOWN.BIN,0x71A168,0x71B100,0x80017100,0x7F8FC000,main.c,,expr,cdhd_cnt,func_8079ADD8,0x71ADD8,0x80016DD8,864,dup:MATCH,func_8001A044,D084,rdata-block-before,pool-neighbours before:main.c
TOWN.BIN,0x7F7FCC,0x7F8018,0x80702018,0x7FF0A000,,,expr,kind,func_80877FEC,0x7F7FEC,0x80701FEC,144,MATCH,func_80701FEC,D072,unattributed,
TOWN.BIN,0x7F7FCC,0x7F803C,0x8070203C,0x7FF0A000,,,expr,mode,func_80877FEC,0x7F7FEC,0x80701FEC,144,MATCH,func_80701FEC,D073,unattributed,
TOWN.BIN,0x7F7FCC,0x7F8060,0x80702060,0x7FF0A000,,,expr,sno,func_80877FEC,0x7F7FEC,0x80701FEC,144,MATCH,func_80701FEC,D079,unattributed,
TOWN.BIN,0x7F88B0,0x7F89EC,0x807029EC,0x7FF0A000,sn_main.c,,expr,p->kind,func_80878974,0x7F8974,0x80702974,224,MATCH,func_80878974,D086,same-function,pool-neighbours after:sn_main.c
TOWN.BIN,0x7F88B0,0x7F8A10,0x80702A10,0x7FF0A000,sn_main.c,,expr,ov_work.kind,func_80878974,0x7F8974,0x80702974,224,MATCH,func_80878974,D085,same-function,pool-neighbours after:sn_main.c
TOWN.BIN,0x7F88D4,0x7F8A38,0x80702A38,0x7FF0A000,sn_main.c,47,mark,,func_80878974,0x7F8974,0x80702974,224,MATCH,func_80878974,D088,direct,
TOWN.BIN,0x7F88F4,0x7F8ABC,0x80702ABC,0x7FF0A000,tobjs.c,226,assert,,func_80878A80,0x7F8A80,0x80702A80,296,not-in-sweep,,D067,direct,
TOWN.BIN,0x7FFB10,0x7FFBF0,0x80700BF0,0x7FF01000,,,expr,kind,func_8087FBC4,0x7FFBC4,0x80700BC4,144,dup:MATCH,func_80883004,D072,unattributed,pool-neighbours after:flgtst.c
TOWN.BIN,0x7FFB10,0x7FFC14,0x80700C14,0x7FF01000,,,expr,mode,func_8087FBC4,0x7FFBC4,0x80700BC4,144,dup:MATCH,func_80883004,D073,unattributed,pool-neighbours after:flgtst.c
TOWN.BIN,0x7FFB10,0x7FFC38,0x80700C38,0x7FF01000,,,expr,sno,func_8087FBC4,0x7FFBC4,0x80700BC4,144,dup:MATCH,func_80883004,D079,unattributed,pool-neighbours after:flgtst.c
TOWN.BIN,0x7FFB30,0x7FFF50,0x80700F50,0x7FF01000,flgtst.c,201,mark,,func_8087FEF0,0x7FFEF0,0x80700EF0,168,MATCH,func_8087FEF0,D087,direct,
TOWN.BIN,0x7FFB50,0x80020C,0x8070120C,0x7FF01000,sn_main.c,,expr,p->kind,func_80880194,0x800194,0x80701194,224,not-in-sweep,,D086,same-function,pool-neighbours before:flgtst.c; after:sn_main.c
TOWN.BIN,0x7FFB50,0x800230,0x80701230,0x7FF01000,sn_main.c,,expr,ov_work.kind,func_80880194,0x800194,0x80701194,224,not-in-sweep,,D085,same-function,pool-neighbours before:flgtst.c; after:sn_main.c
TOWN.BIN,0x7FFB74,0x800258,0x80701258,0x7FF01000,sn_main.c,48,mark,,func_80880194,0x800194,0x80701194,224,not-in-sweep,,D089,direct,
TOWN.BIN,0x7FFB94,0x8002D4,0x807012D4,0x7FF01000,tobjs.c,89,assert,,func_808802A0,0x8002A0,0x807012A0,252,not-in-sweep,,D069,direct,
TOWN.BIN,0x800F44,0x801004,0x80700804,0x7FEFF800,,,expr,kind,func_80880FD8,0x800FD8,0x807007D8,144,dup:MATCH,func_80883004,D072,unattributed,pool-neighbours after:sn_main.c
TOWN.BIN,0x800F44,0x801028,0x80700828,0x7FEFF800,,,expr,mode,func_80880FD8,0x800FD8,0x807007D8,144,dup:MATCH,func_80883004,D073,unattributed,pool-neighbours after:sn_main.c
TOWN.BIN,0x800F44,0x80104C,0x8070084C,0x7FEFF800,,,expr,sno,func_80880FD8,0x800FD8,0x807007D8,144,dup:MATCH,func_80883004,D079,unattributed,pool-neighbours after:sn_main.c
TOWN.BIN,0x800F64,0x80164C,0x80700E4C,0x7FEFF800,sn_main.c,,expr,p->kind,func_808815D4,0x8015D4,0x80700DD4,224,not-in-sweep,,D086,same-function,pool-neighbours after:sn_main.c
TOWN.BIN,0x800F64,0x801670,0x80700E70,0x7FEFF800,sn_main.c,,expr,ov_work.kind,func_808815D4,0x8015D4,0x80700DD4,224,not-in-sweep,,D085,same-function,pool-neighbours after:sn_main.c
TOWN.BIN,0x800F88,0x801698,0x80700E98,0x7FEFF800,sn_main.c,48,mark,,func_808815D4,0x8015D4,0x80700DD4,224,not-in-sweep,,D089,direct,
TOWN.BIN,0x800FA8,0x80170C,0x80700F0C,0x7FEFF800,tobjs.c,75,assert,,func_808816E0,0x8016E0,0x80700EE0,228,not-in-sweep,,D068,direct,
TOWN.BIN,0x802FB4,0x803030,0x80700830,0x7FEFD800,,,expr,kind,func_80883004,0x803004,0x80700804,144,MATCH,func_80883004,D072,unattributed,pool-neighbours after:tobjs.c
TOWN.BIN,0x802FB4,0x803054,0x80700854,0x7FEFD800,,,expr,mode,func_80883004,0x803004,0x80700804,144,MATCH,func_80883004,D073,unattributed,pool-neighbours after:tobjs.c
TOWN.BIN,0x802FB4,0x803078,0x80700878,0x7FEFD800,,,expr,sno,func_80883004,0x803004,0x80700804,144,MATCH,func_80883004,D079,unattributed,pool-neighbours after:tobjs.c
TOWN.BIN,0x802FD4,0x80357C,0x80700D7C,0x7FEFD800,tobjs.c,75,assert,,func_80883550,0x803550,0x80700D50,228,not-in-sweep,,D068,direct,
TOWN.BIN,0x832944,0x833698,0xA0700E98,0x9FECD800,sn_main.c,,expr,p->kind,func_808B3620,0x833620,0xA0700E20,252,MATCH,func_808B3620,D086,same-function,pool-neighbours after:sn_main.c
TOWN.BIN,0x832944,0x8336BC,0xA0700EBC,0x9FECD800,sn_main.c,,expr,ov_work.kind,func_808B3620,0x833620,0xA0700E20,252,MATCH,func_808B3620,D085,same-function,pool-neighbours after:sn_main.c
TOWN.BIN,0x832968,0x8336E4,0xA0700EE4,0x9FECD800,sn_main.c,48,mark,,func_808B3620,0x833620,0xA0700E20,252,MATCH,func_808B3620,D089,direct,
TOWN.BIN,0x837CB0,0x837D70,0x00003570,0xFF7CB800,,,expr,kind,func_808B7D44,0x837D44,0x00003544,144,dup:MATCH,func_80883004,D072,unattributed,pool-neighbours after:sn_main.c
TOWN.BIN,0x837CB0,0x837D94,0x00003594,0xFF7CB800,,,expr,mode,func_808B7D44,0x837D44,0x00003544,144,dup:MATCH,func_80883004,D073,unattributed,pool-neighbours after:sn_main.c
TOWN.BIN,0x837CB0,0x837DB8,0x000035B8,0xFF7CB800,,,expr,sno,func_808B7D44,0x837D44,0x00003544,144,dup:MATCH,func_80883004,D079,unattributed,pool-neighbours after:sn_main.c
TOWN.BIN,0x837CD0,0x838548,0x00003D48,0xFF7CB800,sn_main.c,,expr,p->kind,func_808B84D0,0x8384D0,0x00003CD0,252,not-in-sweep,,D086,same-function,pool-neighbours after:sn_main.c
TOWN.BIN,0x837CD0,0x83856C,0x00003D6C,0xFF7CB800,sn_main.c,,expr,ov_work.kind,func_808B84D0,0x8384D0,0x00003CD0,252,not-in-sweep,,D085,same-function,pool-neighbours after:sn_main.c
TOWN.BIN,0x837CF4,0x838594,0x00003D94,0xFF7CB800,sn_main.c,47,mark,,func_808B84D0,0x8384D0,0x00003CD0,252,not-in-sweep,,D088,direct,
TOWN.BIN,0x837D14,0x838634,0x00003E34,0xFF7CB800,tobjs.c,225,assert,,func_808B85F8,0x8385F8,0x00003DF8,296,not-in-sweep,,D066,direct,
TOWN.BIN,0x839100,0x8391E0,0xA07001E0,0x9FEC7000,,,expr,kind,func_808B91B4,0x8391B4,0xA07001B4,144,dup:MATCH,func_80883004,D072,unattributed,pool-neighbours after:flgtst.c
TOWN.BIN,0x839100,0x839204,0xA0700204,0x9FEC7000,,,expr,mode,func_808B91B4,0x8391B4,0xA07001B4,144,dup:MATCH,func_80883004,D073,unattributed,pool-neighbours after:flgtst.c
TOWN.BIN,0x839100,0x839228,0xA0700228,0x9FEC7000,,,expr,sno,func_808B91B4,0x8391B4,0xA07001B4,144,dup:MATCH,func_80883004,D079,unattributed,pool-neighbours after:flgtst.c
TOWN.BIN,0x839120,0x839540,0xA0700540,0x9FEC7000,flgtst.c,201,mark,,func_808B94E0,0x8394E0,0xA07004E0,196,MATCH,func_808B94E0,D087,direct,
TOWN.BIN,0x839140,0x839828,0xA0700828,0x9FEC7000,sn_main.c,,expr,p->kind,func_808B97B0,0x8397B0,0xA07007B0,252,dup:MATCH,func_808B3620,D086,same-function,pool-neighbours before:flgtst.c; after:sn_main.c
TOWN.BIN,0x839140,0x83984C,0xA070084C,0x9FEC7000,sn_main.c,,expr,ov_work.kind,func_808B97B0,0x8397B0,0xA07007B0,252,dup:MATCH,func_808B3620,D085,same-function,pool-neighbours before:flgtst.c; after:sn_main.c
TOWN.BIN,0x839164,0x839874,0xA0700874,0x9FEC7000,sn_main.c,48,mark,,func_808B97B0,0x8397B0,0xA07007B0,252,dup:MATCH,func_808B3620,D089,direct,
TOWN.BIN,0x839184,0x83990C,0xA070090C,0x9FEC7000,tobjs.c,89,assert,,func_808B98D8,0x8398D8,0xA07008D8,252,not-in-sweep,,D069,direct,
TOWN.BIN,0x83AE30,0x83AEF0,0x000006F0,0xFF7C5800,,,expr,kind,func_808BAEC4,0x83AEC4,0x000006C4,144,dup:MATCH,func_80883004,D072,unattributed,pool-neighbours after:sn_main.c
TOWN.BIN,0x83AE30,0x83AF14,0x00000714,0xFF7C5800,,,expr,mode,func_808BAEC4,0x83AEC4,0x000006C4,144,dup:MATCH,func_80883004,D073,unattributed,pool-neighbours after:sn_main.c
TOWN.BIN,0x83AE30,0x83AF38,0x00000738,0xFF7C5800,,,expr,sno,func_808BAEC4,0x83AEC4,0x000006C4,144,dup:MATCH,func_80883004,D079,unattributed,pool-neighbours after:sn_main.c
TOWN.BIN,0x83AE50,0x83B544,0x00000D44,0xFF7C5800,sn_main.c,,expr,p->kind,func_808BB4CC,0x83B4CC,0x00000CCC,252,dup:MATCH,func_808B3620,D086,same-function,pool-neighbours after:sn_main.c
TOWN.BIN,0x83AE50,0x83B568,0x00000D68,0xFF7C5800,sn_main.c,,expr,ov_work.kind,func_808BB4CC,0x83B4CC,0x00000CCC,252,dup:MATCH,func_808B3620,D085,same-function,pool-neighbours after:sn_main.c
TOWN.BIN,0x83AE74,0x83B590,0x00000D90,0xFF7C5800,sn_main.c,48,mark,,func_808BB4CC,0x83B4CC,0x00000CCC,252,dup:MATCH,func_808B3620,D089,direct,
TOWN.BIN,0x83AE94,0x83B620,0x00000E20,0xFF7C5800,tobjs.c,75,assert,,func_808BB5F4,0x83B5F4,0x00000DF4,228,not-in-sweep,,D068,direct,
TOWN.BIN,0x844710,0x84478C,0x0000078C,0xFF7BC000,,,expr,kind,func_808C4760,0x844760,0x00000760,144,dup:MATCH,func_80883004,D072,unattributed,pool-neighbours after:tobjs.c
TOWN.BIN,0x844710,0x8447B0,0x000007B0,0xFF7BC000,,,expr,mode,func_808C4760,0x844760,0x00000760,144,dup:MATCH,func_80883004,D073,unattributed,pool-neighbours after:tobjs.c
TOWN.BIN,0x844710,0x8447D4,0x000007D4,0xFF7BC000,,,expr,sno,func_808C4760,0x844760,0x00000760,144,dup:MATCH,func_80883004,D079,unattributed,pool-neighbours after:tobjs.c
TOWN.BIN,0x844730,0x844CE4,0x00000CE4,0xFF7BC000,tobjs.c,75,assert,,func_808C4CB8,0x844CB8,0x00000CB8,228,not-in-sweep,,D068,direct,
TOWN.BIN,0x8CD084,0x8CD1C0,0x800161C0,0x7F749000,main.c,39,assert,,func_8094D140,0x8CD140,0x80016140,196,dup:MATCH,func_8095013C,D059,direct,
TOWN.BIN,0x8CD084,0x8CD28C,0x8001628C,0x7F749000,main.c,54,assert,,func_8094D204,0x8CD204,0x80016204,204,dup:MATCH,func_800162B0,D061,direct,
TOWN.BIN,0x8CE0B4,0x8CD8DC,0x800158DC,0x7F748000,main.c,,expr,((u_long)p - (u_long)ost_w)/ sizeof(OSETDT),func_8094D774,0x8CD774,0x80015774,716,dup:MATCH,func_800168B4,D082,rdata-block-before,pool-neighbours before:main.c
TOWN.BIN,0x8CE0B4,0x8CD9B4,0x800159B4,0x7F748000,main.c,,expr,((u_long)pp - (u_long)osel_w)/ sizeof(OSETDT*),func_8094D774,0x8CD774,0x80015774,716,dup:MATCH,func_800168B4,D083,rdata-block-before,pool-neighbours before:main.c
TOWN.BIN,0x8CE0B4,0x8CDA0C,0x80015A0C,0x7F748000,main.c,,expr,cdhd_cnt,func_8094D774,0x8CD774,0x80015774,716,dup:MATCH,func_800168B4,D084,rdata-block-before,pool-neighbours before:main.c
TOWN.BIN,0x8CE084,0x8CE1C0,0x800161C0,0x7F748000,main.c,39,assert,,func_8094E140,0x8CE140,0x80016140,196,dup:MATCH,func_8095013C,D059,direct,
TOWN.BIN,0x8CE084,0x8CE28C,0x8001628C,0x7F748000,main.c,54,assert,,func_8094E204,0x8CE204,0x80016204,204,dup:MATCH,func_800162B0,D061,direct,
TOWN.BIN,0x8CE0B4,0x8CE8DC,0x800168DC,0x7F748000,main.c,,expr,((u_long)p - (u_long)ost_w)/ sizeof(OSETDT),func_8094E774,0x8CE774,0x80016774,716,dup:MATCH,func_800168B4,D082,rdata-block-before,pool-neighbours before:main.c
TOWN.BIN,0x8CE0B4,0x8CE9B4,0x800169B4,0x7F748000,main.c,,expr,((u_long)pp - (u_long)osel_w)/ sizeof(OSETDT*),func_8094E774,0x8CE774,0x80016774,716,dup:MATCH,func_800168B4,D083,rdata-block-before,pool-neighbours before:main.c
TOWN.BIN,0x8CE0B4,0x8CEA0C,0x80016A0C,0x7F748000,main.c,,expr,cdhd_cnt,func_8094E774,0x8CE774,0x80016774,716,dup:MATCH,func_800168B4,D084,rdata-block-before,pool-neighbours before:main.c
TOWN.BIN,0x8CF080,0x8CF1BC,0x800161BC,0x7F747000,main.c,39,assert,,func_8094F13C,0x8CF13C,0x8001613C,196,dup:MATCH,func_8095013C,D059,direct,
TOWN.BIN,0x8CF080,0x8CF288,0x80016288,0x7F747000,main.c,54,assert,,func_8094F200,0x8CF200,0x80016200,204,dup:MATCH,func_800162B0,D061,direct,
TOWN.BIN,0x8D00B0,0x8CF8D8,0x800158D8,0x7F746000,main.c,,expr,((u_long)p - (u_long)ost_w)/ sizeof(OSETDT),func_8094F770,0x8CF770,0x80015770,716,dup:MATCH,func_800168B4,D082,rdata-block-before,pool-neighbours before:main.c
TOWN.BIN,0x8D00B0,0x8CF9B0,0x800159B0,0x7F746000,main.c,,expr,((u_long)pp - (u_long)osel_w)/ sizeof(OSETDT*),func_8094F770,0x8CF770,0x80015770,716,dup:MATCH,func_800168B4,D083,rdata-block-before,pool-neighbours before:main.c
TOWN.BIN,0x8D00B0,0x8CFA08,0x80015A08,0x7F746000,main.c,,expr,cdhd_cnt,func_8094F770,0x8CF770,0x80015770,716,dup:MATCH,func_800168B4,D084,rdata-block-before,pool-neighbours before:main.c
TOWN.BIN,0x8D0080,0x8D01BC,0x800161BC,0x7F746000,main.c,39,assert,,func_8095013C,0x8D013C,0x8001613C,196,MATCH,func_8095013C,D059,direct,
TOWN.BIN,0x8D0080,0x8D0288,0x80016288,0x7F746000,main.c,54,assert,,func_80950200,0x8D0200,0x80016200,204,dup:MATCH,func_800162B0,D061,direct,
TOWN.BIN,0x8D10B0,0x8D08D8,0x800158D8,0x7F745000,main.c,,expr,((u_long)p - (u_long)ost_w)/ sizeof(OSETDT),func_80950770,0x8D0770,0x80015770,716,dup:MATCH,func_800168B4,D082,rdata-block-before,pool-neighbours before:main.c
TOWN.BIN,0x8D10B0,0x8D09B0,0x800159B0,0x7F745000,main.c,,expr,((u_long)pp - (u_long)osel_w)/ sizeof(OSETDT*),func_80950770,0x8D0770,0x80015770,716,dup:MATCH,func_800168B4,D083,rdata-block-before,pool-neighbours before:main.c
TOWN.BIN,0x8D10B0,0x8D0A08,0x80015A08,0x7F745000,main.c,,expr,cdhd_cnt,func_80950770,0x8D0770,0x80015770,716,dup:MATCH,func_800168B4,D084,rdata-block-before,pool-neighbours before:main.c
TOWN.BIN,0x8D1080,0x8D11BC,0x800161BC,0x7F745000,main.c,39,assert,,func_8095113C,0x8D113C,0x8001613C,196,dup:MATCH,func_8095013C,D059,direct,
TOWN.BIN,0x8D1080,0x8D1288,0x80016288,0x7F745000,main.c,54,assert,,func_80951200,0x8D1200,0x80016200,204,dup:MATCH,func_800162B0,D061,direct,
TOWN.BIN,0x8D10B0,0x8D18D8,0x800168D8,0x7F745000,main.c,,expr,((u_long)p - (u_long)ost_w)/ sizeof(OSETDT),func_80951770,0x8D1770,0x80016770,716,dup:MATCH,func_800168B4,D082,rdata-block-before,pool-neighbours before:main.c
TOWN.BIN,0x8D10B0,0x8D19B0,0x800169B0,0x7F745000,main.c,,expr,((u_long)pp - (u_long)osel_w)/ sizeof(OSETDT*),func_80951770,0x8D1770,0x80016770,716,dup:MATCH,func_800168B4,D083,rdata-block-before,pool-neighbours before:main.c
TOWN.BIN,0x8D10B0,0x8D1A08,0x80016A08,0x7F745000,main.c,,expr,cdhd_cnt,func_80951770,0x8D1770,0x80016770,716,dup:MATCH,func_800168B4,D084,rdata-block-before,pool-neighbours before:main.c
TOWN.BIN,0x8D2144,0x8D2280,0x80016280,0x7F744000,main.c,39,assert,,func_80952200,0x8D2200,0x80016200,196,dup:MATCH,func_8095013C,D059,direct,
TOWN.BIN,0x8D2144,0x8D234C,0x8001634C,0x7F744000,main.c,54,assert,,func_809522C4,0x8D22C4,0x800162C4,204,dup:MATCH,func_800162B0,D061,direct,
TOWN.BIN,0x8D2174,0x8D299C,0x8001699C,0x7F744000,main.c,,expr,((u_long)p - (u_long)ost_w)/ sizeof(OSETDT),func_80952834,0x8D2834,0x80016834,716,dup:MATCH,func_800168B4,D082,rdata-block-before,pool-neighbours before:main.c
TOWN.BIN,0x8D2174,0x8D2A74,0x80016A74,0x7F744000,main.c,,expr,((u_long)pp - (u_long)osel_w)/ sizeof(OSETDT*),func_80952834,0x8D2834,0x80016834,716,dup:MATCH,func_800168B4,D083,rdata-block-before,pool-neighbours before:main.c
TOWN.BIN,0x8D2174,0x8D2ACC,0x80016ACC,0x7F744000,main.c,,expr,cdhd_cnt,func_80952834,0x8D2834,0x80016834,716,dup:MATCH,func_800168B4,D084,rdata-block-before,pool-neighbours before:main.c
